BRANCH_CODE,BRANCH_NAME,DATE_OPENED,REGION_CODE,REGION_NAME,DISTRICT_CODE,DISTRICT_NAME,CORE_BANK,INPUTTER,AUTHORISER,TRANS_DATE,TRANS_TIME,AUDITOR_CODE,AUDIT_DATE_TIME,BRANCH_MNEMONIC
ET0010002,Adama Branch,1-Jan-12,,OROMIA,2,ADAMA DISTRICT,ET0010002,64_MUBSHER__OFS_BROWSERTC,36171_INPUTTER,28-Feb-18,10:21,,,ADM
ET0010005,Hora Arsedi Branch,1-Jan-12,,OROMIA,2,ADAMA DISTRICT,ET0010005,40091_ZERENDK__OFS_BROWSERTC,34679_INPUTTER,17-Aug-21,20:34,,,HRA
ET0010544,Qoche Branch,1-Jan-12,,OROMIA,2,ADAMA DISTRICT,ET0010544,20406_HABBEKU__OFS_BROWSERTC,81020_HABBEKU,13-Dec-21,14:39,,,QOC
ET0010523,Barecha Branch,1-Jan-12,,OROMIA,2,ADAMA DISTRICT,ET0010523,20613_HABBEKU__OFS_BROWSERTC,43564_HABBEKU,13-Dec-21,14:39,,,BCH
ET0010010,Hawas Branch,1-Jan-12,,OROMIA,2,ADAMA DISTRICT,ET0010010,12070_MUBSHER__OFS_BROWSERTC,93101_INPUTTER,24-Sep-18,14:55,,,HWS
ET0010018,Torban Obo Branch,1-Jan-12,,OROMIA,2,ADAMA DISTRICT,ET0010018,20783_MUBSHER__OFS_BROWSERTC,84250_INPUTTER,24-Oct-18,9:21,,,TRO
ET0010022,BoleNura Hera Branch,1-Jan-12,,OROMIA,2,ADAMA DISTRICT,ET0010022,20800_MUBSHER__OFS_BROWSERTC,84250_INPUTTER,27-Oct-18,10:50,,,BNH
ET0010024,Mojo Branch,1-Jan-12,,OROMIA,2,ADAMA DISTRICT,ET0010024,20767_MUBSHER__OFS_BROWSERTC,84250_INPUTTER,27-Oct-18,10:56,,,MJO
ET0010043,Meki Branch,1-Jan-12,,OROMIA,2,ADAMA DISTRICT,ET0010043,20802_MUBSHER__OFS_BROWSERTC,54712_INPUTTER,27-Oct-18,12:02,,,MKI
ET0010061,Gumbichu Branch,1-Jan-12,,OROMIA,2,ADAMA DISTRICT,ET0010061,40091_ZERENDK__OFS_BROWSERTC,8569_INPUTTER,17-Aug-21,20:34,,,GUM
ET0010076,Boku Shenen Branch,1-Jan-12,,OROMIA,2,ADAMA DISTRICT,ET0010076,21003_MUBSHER__OFS_BROWSERTC,88908_INPUTTER,28-Oct-18,10:13,,,BKS
ET0010168,Adea Branch,1-Jan-12,,OROMIA,2,ADAMA DISTRICT,ET0010168,40091_ZERENDK__OFS_BROWSERTC,25972_AUTHORISER,17-Aug-21,20:33,,,BDE
ET0010170,Dhaka Adi Branch,1-Jan-12,,OROMIA,2,ADAMA DISTRICT,ET0010170,21003_MUBSHER__OFS_BROWSERTC,25972_AUTHORISER,28-Oct-18,16:23,,,DHA
ET0010171,Kilole Branch,1-Jan-12,,OROMIA,2,ADAMA DISTRICT,ET0010171,40091_ZERENDK__OFS_BROWSERTC,25972_AUTHORISER,17-Aug-21,20:33,,,KLL
ET0010178,Karayu Branch,1-Jan-12,,OROMIA,2,ADAMA DISTRICT,ET0010178,21259_MUBSHER__OFS_BROWSERTC,25972_AUTHORISER,28-Oct-18,16:32,,,KRY
ET0010184,Awash Sebat Kilo,1-Jan-12,,AFAR,2,ADAMA DISTRICT,ET0010184,21259_MUBSHER__OFS_BROWSERTC,25972_AUTHORISER,28-Oct-18,16:39,,,AWS
ET0010188,Awash Melkasa Branch,1-Jan-12,,OROMIA,2,ADAMA DISTRICT,ET0010188,21003_MUBSHER__OFS_BROWSERTC,25972_AUTHORISER,28-Oct-18,16:42,,,AWM
ET0010189,Bosat Branch,1-Jan-12,,OROMIA,2,ADAMA DISTRICT,ET0010189,20937_MUBSHER__OFS_BROWSERTC,25972_AUTHORISER,28-Oct-18,16:45,,,BST
ET0010191,Bote Branch,1-Jan-12,,OROMIA,2,ADAMA DISTRICT,ET0010191,21159_MUBSHER__OFS_BROWSERTC,25972_AUTHORISER,28-Oct-18,16:49,,,BTE
ET0010206,Qurqura Branch,1-Jan-12,,OROMIA,2,ADAMA DISTRICT,ET0010206,20937_MUBSHER__OFS_BROWSERTC,72225_INPUTTER,28-Oct-18,17:07,,,QRQ
ET0010257,Ela Bala Branch,20-Jun-17,,OROMIA,2,ADAMA DISTRICT,ET0010257,21003_MUBSHER__OFS_BROWSERTC,3829_MIG03,28-Oct-18,18:11,,,ELB
ET0010267,Derartu Tullu Branch,1-Jan-12,,OROMIA,2,ADAMA DISTRICT,ET0010267,10087_TEMESGENTAL__OFS_BROWSERTC,40640_TSENIRM,5-Oct-17,9:27,,,DTU
ET0010278,Wanji Branch,4-Nov-17,,OROMIA,2,ADAMA DISTRICT,ET0010278,10099_NURLEGK__OFS_BROWSERTC,73430_ASKKASA,20-Nov-17,15:21,,,WNJ
ET0010280,Qechema Branch,1-Jan-12,,OROMIA,2,ADAMA DISTRICT,ET0010280,10002_REGALEC__OFS_BROWSERTC,8899_REGALEC,8-Nov-17,21:44,,,QEC
ET0010285,Chafe Branch,14-Nov-17,,OROMIA,2,ADAMA DISTRICT,ET0010285,10012_NEGAKUA__OFS_BROWSERTC,44388_ASKKASA,15-Nov-17,2:03,,,CFE
ET0010323,Dhadacha Arara Branch,1-Jan-12,,OROMIA,2,ADAMA DISTRICT,ET0010323,65657_WONYESB,65657_WONYESB,14-Sep-18,0:06,,,DHR
ET0010326,Dabe Soloke Branch,1-Jan-12,,OROMIA,2,ADAMA DISTRICT,ET0010326,81070_NEGAKUA__OFS_BROWSERTC,41312_FEYKIDK,26-Sep-18,11:15,,,DSK
ET0010348,Koka Branch,1-Jan-12,,OROMIA,2,ADAMA DISTRICT,ET0010348,60181_ZERENDK__OFS_BROWSERTC,40582_FEYKIDK,6-Sep-22,19:46,,,KKA
ET0010349,Burka Branch,1-Jan-12,,OROMIA,2,ADAMA DISTRICT,ET0010349,60365_ZERENDK__OFS_BROWSERTC,96677_FEYKIDK,6-Sep-22,19:47,,,BRK
ET0010350,Ganda Hara Branch,1-Jan-12,,OROMIA,2,ADAMA DISTRICT,ET0010350,60869_DONABEH__OFS_BROWSERTC,34368_REGALEC,17-Sep-20,13:44,,,GHR
ET0010351,Kiltu Lume Branch,1-Jan-12,,OROMIA,2,ADAMA DISTRICT,ET0010351,60869_DONABEH__OFS_BROWSERTC,34368_REGALEC,17-Sep-20,13:44,,,KLM
ET0010370,Gara Baru Branch,1-Jan-12,,OROMIA,2,ADAMA DISTRICT,ET0010370,40091_ZERENDK__OFS_BROWSERTC,56979_FEYKIDK,17-Aug-21,20:33,,,GRB
ET0010372,Haro Adi Micro Branch,1-Jan-12,,OROMIA,2,ADAMA DISTRICT,ET0010372,1288_DONABEH__OFS_BROWSERTC,43717_REGALEC,28-Jun-19,16:23,,,HAD
ET0010415,Bilal Branch,1-Jan-12,,OROMIA,2,ADAMA DISTRICT,ET0010415,62613_FEYKIDK__OFS_BROWSERTC,61266_FEYKIDK,20-Dec-19,20:48,,,BEL
ET0010432,Liban Chukala Branch,1-Jan-12,,OROMIA,2,ADAMA DISTRICT,ET0010432,20500_HABBEKU__OFS_BROWSERTC,82623_FEYKIDK,13-Dec-21,14:39,,,LBC
ET0010446,Bishoftu Branch,1-Jan-12,,OROMIA,2,ADAMA DISTRICT,ET0010446,40091_ZERENDK__OFS_BROWSERTC,43969_FEYKIDK,17-Aug-21,20:32,,,BIS
ET0010513,Oda Boqota,1-Jan-12,,OROMIA,2,ADAMA DISTRICT,ET0010513,16902_FEYKIDK,64321_FEYKIDK,30-Sep-21,18:24,,,ODO
ET0010514,Dagaga Branch,1-Jan-12,,OROMIA,2,ADAMA DISTRICT,ET0010514,96116_FEYKIDK,79535_FEYKIDK,2-Oct-21,18:48,,,DGG
ET0010591,Bedhatu Branch,1-Jan-12,,AA,2,ADAMA DISTRICT,ET0010591,75861_GEMGADB,16403_GEMGADB,12-May-22,13:55,,,BDT
ET0010592,Torban Garba Branch,1-Jan-12,,AA,2,ADAMA DISTRICT,ET0010592,88172_ZERENDK,79037_ZERENDK,12-May-22,13:54,,,TBG
ET0010594,Gurmu Branch,1-Jan-12,,AA,2,ADAMA DISTRICT,ET0010594,31124_ZERENDK,24013_ZERENDK,13-May-22,16:35,,,GRM
ET0010609,Dire Jitu Branch,1-Jan-12,,AA,2,ADAMA DISTRICT,ET0010609,74024_GEMGADB,65541_ZERENDK,30-Aug-22,16:26,,,DJT
ET0010611,Artu Branch,1-Jan-12,,AA,2,ADAMA DISTRICT,ET0010611,93263_GEMGADB,63049_GEMGADB,30-Aug-22,15:27,,,ATU
ET0010618,Dambala Micro Branch,1-Jan-12,,AA,2,ADAMA DISTRICT,ET0010618,70581_GEMGADB,21807_GEMGADB,17-Sep-22,11:38,,,DMA
ET0010222,Finfine Branch,1-Jan-12,,AA,3,CENTRAL FINFINE DISTRICT,ET0010222,20937_MUBSHER__OFS_BROWSERTC,4777_INPUTTER,28-Oct-18,17:27,,,FNF
ET0010004,Kersa Main Branch,1-Jan-12,,AA,3,CENTRAL FINFINE DISTRICT,ET0010004,20774_MUBSHER__OFS_BROWSERTC,95160_INPUTTER,27-Oct-18,10:04,,,KRM
ET0010530,Hilal Branch,1-Jan-12,,AA,3,CENTRAL FINFINE DISTRICT,ET0010530,79123_HABBEKU,79123_HABBEKU,1-Dec-21,10:33,,,HIL
ET0010509,Yai Goro Branch,1-Jan-12,,AA,3,CENTRAL FINFINE DISTRICT,ET0010509,85_HABBEKU__OFS_BROWSERTC,12719_HABBEKU,13-Oct-21,14:56,,,YAG
ET0010508,Chafe Anane Branch,1-Jan-12,,AA,3,CENTRAL FINFINE DISTRICT,ET0010508,24_HABBEKU__OFS_BROWSERTC,42727_HABBEKU,13-Oct-21,14:56,,,CFA
ET0010008,Merkato Branch,1-Jan-12,,AA,3,CENTRAL FINFINE DISTRICT,ET0010008,20795_MUBSHER__OFS_BROWSERTC,76952_INPUTTER,27-Oct-18,10:13,,,MRK
ET0010012,Sheger Branch,1-Jan-12,,AA,3,CENTRAL FINFINE DISTRICT,ET0010012,20797_MUBSHER__OFS_BROWSERTC,82453_INPUTTER,27-Oct-18,10:21,,,SHE
ET0010048,Oda Branch,1-Jan-12,,AA,3,CENTRAL FINFINE DISTRICT,ET0010048,20789_MUBSHER__OFS_BROWSERTC,58417_INPUTTER,27-Oct-18,12:14,,,ODA
ET0010064,Bombtera Branch,1-Jan-12,,AA,3,CENTRAL FINFINE DISTRICT,ET0010064,10621_MUBSHER__OFS_GCS,8569_INPUTTER,24-May-18,9:37,,,BMT
ET0010082,Kebena Branch,1-Jan-12,,AA,3,CENTRAL FINFINE DISTRICT,ET0010082,56_ZERENDK__OFS_BROWSERTC,88908_INPUTTER,17-Aug-21,20:50,,,KBN
ET0010096,Gojam Berenda Branch,1-Jan-12,,AA,3,CENTRAL FINFINE DISTRICT,ET0010096,21003_MUBSHER__OFS_BROWSERTC,88908_INPUTTER,28-Oct-18,10:42,,,GJB
ET0010111,Aba Nefso Branch,1-Jan-12,,AA,3,CENTRAL FINFINE DISTRICT,ET0010111,20900_MUBSHER__OFS_BROWSERTC,90787_INPUTTER,28-Oct-18,11:18,,,ABN
ET0010113,Aba Mela Branch,1-Jan-12,,AA,3,CENTRAL FINFINE DISTRICT,ET0010113,10794_MUBSHER__OFS_GCS,90787_INPUTTER,15-Aug-18,17:52,,,ABM
ET0010118,Churchill Branch,1-Jan-12,,AA,3,CENTRAL FINFINE DISTRICT,ET0010118,21003_MUBSHER__OFS_BROWSERTC,90787_INPUTTER,28-Oct-18,11:42,,,CHR
ET0010121,Meskel Flower Branch,1-Jan-12,,AA,3,CENTRAL FINFINE DISTRICT,ET0010121,10262_ASHENAFII__OFS_BROWSERTC,90787_INPUTTER,14-Aug-17,10:34,,,MSF
ET0010125,Mesalemia Branch,1-Jan-12,,AA,3,CENTRAL FINFINE DISTRICT,ET0010125,20937_MUBSHER__OFS_BROWSERTC,90787_INPUTTER,28-Oct-18,11:56,,,MSL
ET0010132,Agemsa Branch,1-Jan-12,,AA,3,CENTRAL FINFINE DISTRICT,ET0010132,21003_MUBSHER__OFS_BROWSERTC,90787_INPUTTER,28-Oct-18,15:14,,,AGM
ET0010133,Yai Gulele Branch,1-Jan-12,,AA,3,CENTRAL FINFINE DISTRICT,ET0010133,21003_MUBSHER__OFS_BROWSERTC,90787_INPUTTER,28-Oct-18,15:17,,,YGL
ET0010155,Birbirsa Branch,1-Jan-12,,AA,3,CENTRAL FINFINE DISTRICT,ET0010155,21259_MUBSHER__OFS_BROWSERTC,90787_INPUTTER,28-Oct-18,16:07,,,BRB
ET0010158,Wayyu Branch,1-Jan-12,,AA,3,CENTRAL FINFINE DISTRICT,ET0010158,21259_MUBSHER__OFS_BROWSERTC,62274_INPUTTER,28-Oct-18,16:10,,,WYU
ET0010173,Wirtu Merkato Branch,1-Jan-12,,AA,3,CENTRAL FINFINE DISTRICT,ET0010173,21259_MUBSHER__OFS_BROWSERTC,25972_AUTHORISER,28-Oct-18,16:26,,,WRM
ET0010185,Dolo Bidena Branch,1-Jan-12,,AA,3,CENTRAL FINFINE DISTRICT,ET0010185,21003_MUBSHER__OFS_BROWSERTC,25972_AUTHORISER,28-Oct-18,16:40,,,DLB
ET0010249,Sulula Garbi Branch,1-Jan-12,,AA,3,CENTRAL FINFINE DISTRICT,ET0010249,21159_MUBSHER__OFS_BROWSERTC,52757_INPUTTER,28-Oct-18,18:01,,,SLG
ET0010330,Hurufa Rare Branch,1-Jan-12,,AA,3,CENTRAL FINFINE DISTRICT,ET0010330,10495_TSENIRM__OFS_GCS,25509_TSENIRM,4-Oct-18,3:25,,,HUR
ET0010373,Baro Korma Branch,1-Jan-12,,AA,3,CENTRAL FINFINE DISTRICT,ET0010373,90352_DONABEH__OFS_BROWSERTC,38678_HABBEKU,3-Jan-19,15:44,,,BKO
ET0010395,Sora Lume Branch,1-Jan-12,,AA,3,CENTRAL FINFINE DISTRICT,ET0010395,1255_WONYESB__OFS_BROWSERTC,26981_FEYKIDK,2-Aug-19,14:54,,,SLM
ET0010421,Kello Mesqela Branch,1-Jan-12,,AA,3,CENTRAL FINFINE DISTRICT,ET0010421,42124_HABBEKU__OFS_BROWSERTC,72585_FEYKIDK,9-May-20,11:10,,,KML
ET0010422,Debasso Branch,1-Jan-12,,AA,3,CENTRAL FINFINE DISTRICT,ET0010422,5555_HABBEKU__OFS_BROWSERTC,73766_HABBEKU,10-Mar-20,1:00,,,DBS
ET0010424,Robale Branch,1-Jan-12,,AA,3,CENTRAL FINFINE DISTRICT,ET0010424,8202_FEYKIDK__OFS_BROWSERTC,44114_FEYKIDK,23-Sep-20,12:06,,,ABK
ET0010428,Haile Fida Branch,1-Jan-12,,AA,3,CENTRAL FINFINE DISTRICT,ET0010428,8922_FEYKIDK__OFS_BROWSERTC,36352_HABBEKU,13-Oct-20,19:05,,,HLD
ET0010429,UmmuAyman Branch,1-Jan-12,,AA,3,CENTRAL FINFINE DISTRICT,ET0010429,8779_FEYKIDK__OFS_BROWSERTC,19257_FEYKIDK,13-Oct-20,19:05,,,UMY
ET0010431,Sinqee Branch,1-Jan-12,,AA,3,CENTRAL FINFINE DISTRICT,ET0010431,56_ZERENDK__OFS_BROWSERTC,28556_FEYKIDK,17-Aug-21,20:51,,,SNQ
ET0010455,Birmaji Branch,1-Jan-12,,AA,3,CENTRAL FINFINE DISTRICT,ET0010455,36258_FEYKIDK,84968_FEYKIDK,4-Mar-21,16:38,,,BRM
ET0010566,Mina Branch,1-Jan-12,,AA,3,CENTRAL FINFINE DISTRICT,ET0010566,4094_ZERENDK__OFS_BROWSERTC,12669_ZERENDK,10-Mar-22,17:14,,,LMA
ET0010485,Abdisa Aga Branch,1-Jan-12,,AA,3,CENTRAL FINFINE DISTRICT,ET0010485,20152_HABBEKU__OFS_BROWSERTC,64860_HABBEKU,17-Aug-21,18:31,,,ABD
ET0010599,Catherine Hamlin,1-Jan-12,,AA,3,CENTRAL FINFINE DISTRICT,ET0010599,26603_ZERENDK,92967_ZERENDK,22-Jul-22,6:38,,,CTH
ET0010013,Dire Dawa Branch,1-Jan-12,,DIREDAWA,4,DIRE DAWA DISTRICT,ET0010013,10311_MUBSHER__OFS_BROWSERTC,82453_INPUTTER,19-Sep-17,15:21,,,DRD
ET0010038,Jigjiga Branch,1-Jan-12,,SOMALI,4,DIRE DAWA DISTRICT,ET0010038,10217_MUBSHER__OFS_BROWSERTC,54712_INPUTTER,11-Aug-17,15:15,,,JGJ
ET0010541,Ramadan Branch,1-Jan-12,,HARARI,4,DIRE DAWA DISTRICT,ET0010541,40862_HABBEKU__OFS_BROWSERTC,94257_HABBEKU,13-Dec-21,14:46,,,RMD
ET0010517,Taiwan Branch,1-Jan-12,,DIREDAWA,4,DIRE DAWA DISTRICT,ET0010517,40837_HABBEKU__OFS_BROWSERTC,54893_HABBEKU,13-Dec-21,14:47,,,TAW
ET0010518,Bulullo Branch,1-Jan-12,,HARARI,4,DIRE DAWA DISTRICT,ET0010518,40780_HABBEKU__OFS_BROWSERTC,89783_HABBEKU,13-Dec-21,14:47,,,BLU
ET0010501,Mustafa Harawe Branch,1-Jan-12,,HARARI,4,DIRE DAWA DISTRICT,ET0010501,40848_HABBEKU__OFS_BROWSERTC,70023_HABBEKU,13-Dec-21,14:47,,,MSH
ET0010478,Diredawa Rashotel,1-Jan-12,,DIREDAWA,4,DIRE DAWA DISTRICT,ET0010478,40848_HABBEKU__OFS_BROWSERTC,95213_HABBEKU,13-Dec-21,14:48,,,DRA
ET0010045,Afren Kelo Branch,1-Jan-12,,OROMIA,4,DIRE DAWA DISTRICT,ET0010045,10513_MUBSHER__OFS_BROWSERTC,54712_INPUTTER,23-Mar-18,11:29,,,AFK
ET0010046,Hundene Branch,1-Jan-12,,HARARI,4,DIRE DAWA DISTRICT,ET0010046,42545_DONABEH__OFS_BROWSERTC,58417_INPUTTER,2-Oct-20,9:04,,,HND
ET0010047,Babile Branch,1-Jan-12,,OROMIA,4,DIRE DAWA DISTRICT,ET0010047,20795_MUBSHER__OFS_BROWSERTC,58417_INPUTTER,27-Oct-18,12:12,,,BBL
ET0010049,Togo Wuchale Branch,1-Jan-12,,SOMALI,4,DIRE DAWA DISTRICT,ET0010049,20756_MUBSHER__OFS_BROWSERTC,58417_INPUTTER,27-Oct-18,12:15,,,TGW
ET0010063,Sabian Branch,1-Jan-12,,DIREDAWA,4,DIRE DAWA DISTRICT,ET0010063,21159_MUBSHER__OFS_BROWSERTC,8569_INPUTTER,28-Oct-18,9:54,,,SBN
ET0010074,Haramaya Branch,1-Jan-12,,OROMIA,4,DIRE DAWA DISTRICT,ET0010074,20885_MUBSHER__OFS_BROWSERTC,8569_INPUTTER,28-Oct-18,10:11,,,HRM
ET0010100,Hafatessa Branch,1-Jan-12,,DIREDAWA,4,DIRE DAWA DISTRICT,ET0010100,21003_MUBSHER__OFS_BROWSERTC,88908_INPUTTER,28-Oct-18,10:46,,,HFT
ET0010101,Kombolcha Branch,1-Jan-12,,OROMIA,4,DIRE DAWA DISTRICT,ET0010101,21670_WONYESB__OFS_BROWSERTC,21263_INPUTTER,21-Oct-19,14:32,,,KMB
ET0010239,Laga Oda Branch,1-Jan-12,,DIREDAWA,4,DIRE DAWA DISTRICT,ET0010239,61468_DONABEH__OFS_BROWSERTC,52757_INPUTTER,2-Nov-20,15:35,,,LGO
ET0010242,Chinaksen Branch,1-Jan-12,,OROMIA,4,DIRE DAWA DISTRICT,ET0010242,21003_MUBSHER__OFS_BROWSERTC,52757_INPUTTER,28-Oct-18,17:49,,,CHN
ET0010243,Gode Branch,1-Jan-12,,SOMALI,4,DIRE DAWA DISTRICT,ET0010243,21259_MUBSHER__OFS_BROWSERTC,52757_INPUTTER,28-Oct-18,17:51,,,GDE
ET0010245,Badano Branch,1-Jan-12,,OROMIA,4,DIRE DAWA DISTRICT,ET0010245,21259_MUBSHER__OFS_BROWSERTC,52757_INPUTTER,28-Oct-18,17:54,,,BDN
ET0010246,AwAbadir Branch,1-Jan-12,,HARARI,4,DIRE DAWA DISTRICT,ET0010246,21259_MUBSHER__OFS_BROWSERTC,52757_INPUTTER,28-Oct-18,17:55,,,AWD
ET0010247,Chalanqo Branch,1-Jan-12,,OROMIA,4,DIRE DAWA DISTRICT,ET0010247,21159_MUBSHER__OFS_BROWSERTC,52757_INPUTTER,28-Oct-18,17:57,,,CLQ
ET0010248,Kali Branch,1-Jan-12,,SOMALI,4,DIRE DAWA DISTRICT,ET0010248,61339_DONABEH__OFS_BROWSERTC,52757_INPUTTER,2-Nov-20,15:36,,,KLI
ET0010269,Gara Muleta Branch,1-Jan-12,,OROMIA,4,DIRE DAWA DISTRICT,ET0010269,10002_TSENIRM__OFS_BROWSERTC,23980_DAMABDG,25-Oct-17,3:21,,,GMU
ET0010210,Begi Branch,1-Jan-12,,OROMIA,6,NEKEMTE DISTRICT,ET0010210,21159_MUBSHER__OFS_BROWSERTC,72225_INPUTTER,28-Oct-18,17:12,,,BGI
ET0010211,Kiltu Karra Branch,1-Jan-12,,OROMIA,6,NEKEMTE DISTRICT,ET0010211,21159_MUBSHER__OFS_BROWSERTC,72225_INPUTTER,28-Oct-18,17:13,,,KLT
ET0010217,Oda Karra Branch,1-Jan-12,,OROMIA,6,NEKEMTE DISTRICT,ET0010217,20937_MUBSHER__OFS_BROWSERTC,4777_INPUTTER,28-Oct-18,17:21,,,ODK
ET0010218,Muka Arara Branch,1-Jan-12,,OROMIA,6,NEKEMTE DISTRICT,ET0010218,21159_MUBSHER__OFS_BROWSERTC,4777_INPUTTER,28-Oct-18,17:22,,,MKA
ET0010219,Hababo Guduru Branch,1-Jan-12,,OROMIA,6,NEKEMTE DISTRICT,ET0010219,21159_MUBSHER__OFS_BROWSERTC,4777_INPUTTER,28-Oct-18,17:24,,,HBG
ET0010221,Qeto Machara Branch,1-Jan-12,,OROMIA,6,NEKEMTE DISTRICT,ET0010221,20937_MUBSHER__OFS_BROWSERTC,4777_INPUTTER,28-Oct-18,17:26,,,QTM
ET0010230,Anfillo Branch,1-Jan-12,,OROMIA,6,NEKEMTE DISTRICT,ET0010230,20937_MUBSHER__OFS_BROWSERTC,52757_INPUTTER,28-Oct-18,17:34,,,ANF
ET0010271,Sayo Nole Branch,17-Oct-17,,OROMIA,6,NEKEMTE DISTRICT,ET0010271,10185_NEGAKUA__OFS_BROWSERTC,11796_NEGAKUA,21-Oct-17,10:24,,,SNO
ET0010273,Kiramu Branch,1-Jan-12,,OROMIA,6,NEKEMTE DISTRICT,ET0010273,10002_TEMESGENTAL__OFS_BROWSERTC,56330_FEYKIDK,21-Oct-17,2:56,,,KIR
ET0010274,Amuru Branch,17-Oct-17,,OROMIA,6,NEKEMTE DISTRICT,ET0010274,56_ZERENDK__OFS_BROWSERTC,11796_NEGAKUA,17-Aug-21,20:54,,,AMU
ET0010290,Bokku Branch,1-Jan-12,,OROMIA,6,NEKEMTE DISTRICT,ET0010290,10003_DAMABDG__OFS_BROWSERTC,99892_DAMABDG,22-Dec-17,4:19,,,BKU
ET0010315,Bake Jama Branch,1-Jan-12,,OROMIA,6,NEKEMTE DISTRICT,ET0010315,10719_REGALEC__OFS_GCS,12844_TCSP,2-Sep-18,12:58,,,BJA
ET0010316,Bila Branch,1-Jan-12,,OROMIA,6,NEKEMTE DISTRICT,ET0010316,10719_REGALEC__OFS_GCS,12844_TCSP,2-Sep-18,12:58,,,BIL
ET0010317,Hawa Gelan Branch,1-Jan-12,,OROMIA,6,NEKEMTE DISTRICT,ET0010317,10719_REGALEC__OFS_GCS,12844_TCSP,2-Sep-18,12:58,,,HGN
ET0010318,Tullu Gana Branch,1-Jan-12,,OROMIA,6,NEKEMTE DISTRICT,ET0010318,10719_REGALEC__OFS_GCS,12844_TCSP,2-Sep-18,12:59,,,TLG
ET0010319,Ayira Branch,1-Jan-12,,OROMIA,6,NEKEMTE DISTRICT,ET0010319,10719_REGALEC__OFS_GCS,12844_TCSP,2-Sep-18,12:59,,,AYR
ET0010344,Bonaya Boshe Branch,1-Jan-12,,OROMIA,6,NEKEMTE DISTRICT,ET0010344,160006_ADDKAMC__OFS_BROWSERTC,54007_HABBEKU,4-Dec-18,13:16,,,BON
ET0010345,Gudetu Arjo Branch,1-Jan-12,,OROMIA,6,NEKEMTE DISTRICT,ET0010345,94868_WONYESB,94868_WONYESB,30-Nov-18,0:50,,,GAR
ET0010382,Qebe Branch,1-Jan-12,,OROMIA,6,NEKEMTE DISTRICT,ET0010382,160379_DONABEH__OFS_BROWSERTC,73990_FEYKIDK,30-Mar-19,9:28,,,QEB
ET0010398,Agamsa Migir Branch,1-Jan-12,,OROMIA,6,NEKEMTE DISTRICT,ET0010398,21623_REGALEC__OFS_BROWSERTC,15037_FEYKIDK,24-Sep-19,16:15,,,AMM
ET0010399,Babo Gambel Branch,1-Jan-12,,OROMIA,6,NEKEMTE DISTRICT,ET0010399,21660_REGALEC__OFS_BROWSERTC,8926_FEYKIDK,24-Sep-19,16:15,,,BGM
ET0010401,Harato Branch,1-Jan-12,,OROMIA,6,NEKEMTE DISTRICT,ET0010401,61212_FEYKIDK__OFS_BROWSERTC,90730_FEYKIDK,19-Aug-19,17:39,,,HAT
ET0010469,Fincha'a Branch,1-Jan-12,,OROMIA,6,NEKEMTE DISTRICT,ET0010469,75593_FEYKIDK,18481_FEYKIDK,22-Jun-21,12:05,,,FIN
ET0010570,Abba Sena Branch,1-Jan-12,,AA,6,NEKEMTE DISTRICT,ET0010570,17078_ZERENDK,66839_ZERENDK,24-Feb-22,19:33,,,ABS
ET0010089,Bahir Dar Branch,1-Jan-12,,AMHARA,7,BAHIRDAR AREA BR RELATIONSHIP OFFIC,ET0010089,61112_MEGERSA__OFS_BROWSERTC,88908_INPUTTER,14-May-19,15:43,,,BHD
ET0010072,Kemise Branch,1-Jan-12,,AMHARA,7,BAHIRDAR AREA BR RELATIONSHIP OFFIC,ET0010072,1337_WONYESB__OFS_BROWSERTC,8569_INPUTTER,17-Jun-19,16:32,,,KMS
ET0010087,Gonder Branch,1-Jan-12,,AMHARA,7,BAHIRDAR AREA BR RELATIONSHIP OFFIC,ET0010087,1220_WONYESB__OFS_BROWSERTC,88908_INPUTTER,17-Jun-19,16:28,,,GND
ET0010090,Dessie Branch,1-Jan-12,,AMHARA,7,BAHIRDAR AREA BR RELATIONSHIP OFFIC,ET0010090,1326_WONYESB__OFS_BROWSERTC,88908_INPUTTER,17-Jun-19,16:31,,,DSS
ET0010105,Metema Branch,1-Jan-12,,AMHARA,7,BAHIRDAR AREA BR RELATIONSHIP OFFIC,ET0010105,8662_DONABEH__OFS_BROWSERTC,90787_INPUTTER,20-Oct-20,11:43,,,MTM
ET0010381,Ganda Wuha Branch,1-Jan-12,,AMHARA,7,BAHIRDAR AREA BR RELATIONSHIP OFFIC,ET0010381,1260_WONYESB__OFS_BROWSERTC,5192_HABBEKU,17-Jun-19,16:29,,,GWH
ET0010383,Debre Markos Branch,1-Jan-12,,AMHARA,7,BAHIRDAR AREA BR RELATIONSHIP OFFIC,ET0010383,1335_WONYESB__OFS_BROWSERTC,5192_HABBEKU,17-Jun-19,16:27,,,DBM
ET0010363,Tana Branch,23-Apr-19,,AMHARA,7,BAHIRDAR AREA BR RELATIONSHIP OFFIC,ET0010363,964_WONYESB__OFS_BROWSERTC,63663_ADDKAMC,17-Jun-19,16:27,,,TAN
ET0010417,Halal Branch,1-Jan-12,,AMHARA,7,BAHIRDAR AREA BR RELATIONSHIP OFFIC,ET0010417,24939_FEYKIDK__OFS_BROWSERTC,38453_FEYKIDK,5-Feb-20,12:14,,,HLL
ET0010409,Mufti Dawud Branch,1-Jan-12,,AMHARA,7,BAHIRDAR AREA BR RELATIONSHIP OFFIC,ET0010409,25597_REGALEC__OFS_BROWSERTC,60665_HABBEKU,4-Mar-20,9:56,,,MFD
ET0010564,LogiaSultanAli Mirah,1-Jan-12,,AA,7,BAHIRDAR AREA BR RELATIONSHIP OFFIC,ET0010564,86472_ZERENDK,49340_ZERENDK,28-Jan-22,11:28,,,LSA
ET0010442,Bure Branch,1-Jan-12,,Amhara,7,BAHIRDAR AREA BR RELATIONSHIP OFFIC,ET0010442,591_FEYKIDK__OFS_BROWSERTC,20059_FEYKIDK,23-Dec-20,17:33,,,BUR
ET0010077,Humera Branch,1-Jan-12,,AMHARA,7,BAHIRDAR AREA BR RELATIONSHIP OFFIC,ET0010077,23890_REGALEC__OFS_BROWSERTC,88908_INPUTTER,4-May-22,19:59,,,HMR
ET0010579,Wollo Kombolcha Branch,1-Jan-12,,AA,7,BAHIRDAR AREA BR RELATIONSHIP OFFIC,ET0010579,90667_ZERENDK,28924_ZERENDK,21-May-22,6:10,,,WKC
ET0010006,Shashemene Branch,1-Jan-12,,OROMIA,8,SHASHEMENE DISTRICT,ET0010006,20828_MUBSHER__OFS_BROWSERTC,71172_INPUTTER,27-Oct-18,10:09,,,SHM
ET0010531,Nesiha Branch,1-Jan-12,,OROMIA,8,SHASHEMENE DISTRICT,ET0010531,2765_ZERENDK__OFS_BROWSERTC,67134_HABBEKU,11-Feb-22,15:49,,,NES
ET0010512,Kiltu Dema Branch,1-Jan-12,,OROMIA,8,SHASHEMENE DISTRICT,ET0010512,20571_HABBEKU__OFS_BROWSERTC,64840_HABBEKU,13-Dec-21,14:38,,,KLD
ET0010510,Hara Dembel Branch,1-Jan-12,,OROMIA,8,SHASHEMENE DISTRICT,ET0010510,40836_HABBEKU__OFS_BROWSERTC,73604_HABBEKU,13-Dec-21,14:57,,,HDE
ET0010025,Arsi Negelle Branch,1-Jan-12,,OROMIA,8,SHASHEMENE DISTRICT,ET0010025,20799_MUBSHER__OFS_BROWSERTC,84250_INPUTTER,27-Oct-18,10:58,,,ARN
ET0010030,Hasasa Branch,1-Jan-12,,OROMIA,8,SHASHEMENE DISTRICT,ET0010030,20831_MUBSHER__OFS_BROWSERTC,34229_INPUTTER,27-Oct-18,11:25,,,HSS
ET0010069,Uta Wayyu Branch,1-Jan-12,,OROMIA,8,SHASHEMENE DISTRICT,ET0010069,20885_MUBSHER__OFS_BROWSERTC,8569_INPUTTER,28-Oct-18,10:03,,,UTW
ET0010099,Dodola Branch,1-Jan-12,,OROMIA,8,SHASHEMENE DISTRICT,ET0010099,20900_MUBSHER__OFS_BROWSERTC,88908_INPUTTER,28-Oct-18,10:45,,,DDL
ET0010115,Kofele Branch,1-Jan-12,,OROMIA,8,SHASHEMENE DISTRICT,ET0010115,20900_MUBSHER__OFS_BROWSERTC,90787_INPUTTER,28-Oct-18,11:23,,,KFL
ET0010146,Adaba Branch,1-Jan-12,,OROMIA,8,SHASHEMENE DISTRICT,ET0010146,21259_MUBSHER__OFS_BROWSERTC,90787_INPUTTER,28-Oct-18,15:56,,,ADA
ET0010150,Batu Branch,1-Jan-12,,OROMIA,8,SHASHEMENE DISTRICT,ET0010150,56_ZERENDK__OFS_BROWSERTC,90787_INPUTTER,17-Aug-21,20:54,,,BTU
ET0010192,Awasho Branch,1-Jan-12,,OROMIA,8,SHASHEMENE DISTRICT,ET0010192,10704_MUBSHER__OFS_GCS,25972_AUTHORISER,26-Jul-18,14:22,,,AWA
ET0010276,Melka Jebdu Branch,1-Jan-12,,DIREDAWA,4,DIRE DAWA DISTRICT,ET0010276,10001_TSENIRM__OFS_BROWSERTC,16287_TSENIRM,11-Nov-17,23:04,,,MGE
ET0010277,Fugnan Bira Branch,1-Jan-12,,OROMIA,4,DIRE DAWA DISTRICT,ET0010277,10001_TSENIRM__OFS_BROWSERTC,75053_DAMABDG,11-Nov-17,23:05,,,FBI
ET0010282,Greek Camp Branch,1-Jan-12,,DIREDAWA,4,DIRE DAWA DISTRICT,ET0010282,10001_TSENIRM__OFS_BROWSERTC,75053_DAMABDG,11-Nov-17,23:05,,,GCA
ET0010283,Megalla Branch,1-Jan-12,,DIREDAWA,4,DIRE DAWA DISTRICT,ET0010283,10001_TSENIRM__OFS_BROWSERTC,16287_TSENIRM,11-Nov-17,23:06,,,MEG
ET0010284,Weltea Branch,1-Jan-12,,OROMIA,4,DIRE DAWA DISTRICT,ET0010284,10001_TSENIRM__OFS_BROWSERTC,75053_DAMABDG,11-Nov-17,23:06,,,WEL
ET0010295,Jahan Jarso Branch,1-Jan-12,,OROMIA,4,DIRE DAWA DISTRICT,ET0010295,10058_ADDKAMC__OFS_BROWSERTC,42108_FEYKIDK,6-Feb-18,5:22,,,JJR
ET0010339,Jara Abageda Branch,30-Oct-18,,OROMIA,4,DIRE DAWA DISTRICT,ET0010339,20753_ADDKAMC__OFS_BROWSERTC,21993_ADDKAMC,31-Oct-18,5:05,,,JAG
ET0010341,Ahmed Imam Branch,1-Jan-12,,OROMIA,4,DIRE DAWA DISTRICT,ET0010341,50026_REGALEC__OFS_BROWSERTC,46925_REGALEC,27-Nov-18,7:51,,,AHM
ET0010361,Goro Muti Branch,1-Jan-12,,OROMIA,4,DIRE DAWA DISTRICT,ET0010361,50026_REGALEC__OFS_BROWSERTC,30684_REGALEC,27-Nov-18,7:51,,,GOM
ET0010393,Biftu Branch,1-Jan-12,,DIREDAWA,4,DIRE DAWA DISTRICT,ET0010393,160383_ADDKAMC__OFS_BROWSERTC,63133_FEYKIDK,26-Mar-19,9:21,,,BIF
ET0010397,Elemo Qiltu Branch,1-Jan-12,,OROMIA,4,DIRE DAWA DISTRICT,ET0010397,21414_REGALEC__OFS_BROWSERTC,9242_FEYKIDK,23-Sep-19,15:35,,,ELM
ET0010402,Mayu Muluke,1-Jan-12,,OROMIA,4,DIRE DAWA DISTRICT,ET0010402,8788_FEYKIDK__OFS_BROWSERTC,28773_FEYKIDK,4-Sep-20,17:03,,,MMU
ET0010407,Fedis Branch,1-Jan-12,,OROMIA,4,DIRE DAWA DISTRICT,ET0010407,42530_DONABEH__OFS_BROWSERTC,11245_FEYKIDK,12-Nov-19,15:58,,,FED
ET0010408,Burka Tirtira Branch,1-Jan-12,,OROMIA,4,DIRE DAWA DISTRICT,ET0010408,3449_ASHENAFII__OFS_BROWSERTC,19553_FEYKIDK,11-Dec-19,10:12,,,BTT
ET0010410,Hikma Branch,1-Jan-12,,OROMIA,4,DIRE DAWA DISTRICT,ET0010410,2097_HABBEKU__OFS_BROWSERTC,18384_HABBEKU,12-Dec-19,2:01,,,HIK
ET0010411,Abubeker AlSiddiq Br,1-Jan-12,,OROMIA,4,DIRE DAWA DISTRICT,ET0010411,2097_HABBEKU__OFS_BROWSERTC,18384_HABBEKU,12-Dec-19,2:02,,,AAS
ET0010412,Bereka Branch,1-Jan-12,,HARARI,4,DIRE DAWA DISTRICT,ET0010412,2097_HABBEKU__OFS_BROWSERTC,18384_HABBEKU,12-Dec-19,2:01,,,BER
ET0010418,Medinat AlMunawer Br,9-Jan-20,,DIREDAWA,4,DIRE DAWA DISTRICT,ET0010418,43493_ADDKAMC__OFS_BROWSERTC,81821_ADDKAMC,9-Jan-20,15:50,,,MED
ET0010430,Sheik Bekri Sapello,1-Jan-12,,DIREDEWA,4,DIRE DAWA DISTRICT,ET0010430,8941_FEYKIDK__OFS_BROWSERTC,2952_FEYKIDK,23-Nov-20,18:14,,,SBK
ET0010464,Arefa Branch,1-Jan-12,,SOMALI,4,DIRE DAWA DISTRICT,ET0010464,60253_REGALEC__OFS_BROWSERTC,28797_FEYKIDK,25-Jun-21,8:27,,,ARF
ET0010483,Kefira Branch,1-Jan-12,,DIREDAWA,4,DIRE DAWA DISTRICT,ET0010483,40853_HABBEKU__OFS_BROWSERTC,97999_HABBEKU,13-Dec-21,14:48,,,KFR
ET0010484,Imam Ahmed Mesjid Bran,1-Jan-12,,HARARI,4,DIRE DAWA DISTRICT,ET0010484,40839_HABBEKU__OFS_BROWSERTC,47610_HABBEKU,13-Dec-21,14:48,,,IAM
ET0010561,Bekerware Branch,1-Jan-12,,Harari,4,DIRE DAWA DISTRICT,ET0010561,20977_ZERENDK,44277_ZERENDK,20-Jan-22,18:12,,,BKR
ET0010573,Iqra Branch,1-Jan-12,,AA,4,DIRE DAWA DISTRICT,ET0010573,80391_ZERENDK,49395_BILMESB,7-Apr-22,13:26,,,IQR
ET0010593,Qulubi Branch,1-Jan-12,,AA,4,DIRE DAWA DISTRICT,ET0010593,29185_ZERENDK,51160_ZERENDK,16-May-22,17:57,,,QLB
ET0010595,Abdi Qophe Branch,1-Jan-12,,AA,4,DIRE DAWA DISTRICT,ET0010595,39605_FEYKIDK,16028_FEYKIDK,6-Jun-22,18:30,,,ABQ
ET0010607,Midhaga Branch,1-Jan-12,,AA,4,DIRE DAWA DISTRICT,ET0010607,58135_ZERENDK,89897_ZERENDK,26-Aug-22,11:59,,,MDH
ET0010608,Kurfachale Branch,1-Jan-12,,AA,4,DIRE DAWA DISTRICT,ET0010608,72003_GEMGADB,25378_GEMGADB,26-Aug-22,14:00,,,KRF
ET0010117,Bole Medanealem Branch,1-Jan-12,,AA,5,EASTERN FINFINE DISTRICT,ET0010117,20937_MUBSHER__OFS_BROWSERTC,90787_INPUTTER,28-Oct-18,11:41,,,BLM
ET0010035,Gelan Branch,1-Jan-12,,OROMIA,5,EASTERN FINFINE DISTRICT,ET0010035,20790_MUBSHER__OFS_BROWSERTC,54712_INPUTTER,27-Oct-18,11:43,,,GLN
ET0010557,Lami Industrial park,1-Jan-12,,AA,5,EASTERN FINFINE DISTRICT,ET0010557,91563_HABBEKU__OFS_BROWSERTC,31117_HABBEKU,3-Jan-22,16:36,,,LAI
ET0010550,Abebech Gobana Branch,1-Jan-12,,AA,5,EASTERN FINFINE DISTRICT,ET0010550,21124_HABBEKU__OFS_BROWSERTC,54343_HABBEKU,29-Dec-21,11:54,,,ABE
ET0010545,Dhaga Bora Branch,1-Jan-12,,AA,5,EASTERN FINFINE DISTRICT,ET0010545,40336_HABBEKU__OFS_BROWSERTC,77510_HABBEKU,29-Dec-21,10:38,,,DHB
ET0010481,Damo Dadi Branch,1-Jan-12,,AA,5,EASTERN FINFINE DISTRICT,ET0010481,60188_HABBEKU__OFS_BROWSERTC,72404_HABBEKU,16-Jul-21,17:13,,,DDI
ET0010489,Migira Branch,1-Jan-12,,AA,5,EASTERN FINFINE DISTRICT,ET0010489,20146_HABBEKU__OFS_BROWSERTC,74231_HABBEKU,17-Aug-21,18:32,,,MIG
ET0010482,Kura Jida Branch,1-Jan-12,,AA,5,EASTERN FINFINE DISTRICT,ET0010482,60241_HABBEKU__OFS_BROWSERTC,62314_HABBEKU,16-Jul-21,17:13,,,KJD
ET0010466,Airport Forex Bureau,1-Jan-12,,AA,5,EASTERN FINFINE DISTRICT,ET0010466,60212_REGALEC__OFS_BROWSERTC,1453_FEYKIDK,9-Jun-21,15:47,,,AIR
ET0010490,Bole Cargo Branch,1-Jan-12,,AA,5,EASTERN FINFINE DISTRICT,ET0010490,20173_HABBEKU__OFS_BROWSERTC,8238_HABBEKU,17-Aug-21,18:32,,,BLC
ET0010056,Bole Michael Branch,1-Jan-12,,AA,5,EASTERN FINFINE DISTRICT,ET0010056,20817_MUBSHER__OFS_BROWSERTC,69521_AUTHORISER,27-Oct-18,14:27,,,BMK
ET0010057,Gerji Branch,1-Jan-12,,AA,5,EASTERN FINFINE DISTRICT,ET0010057,20777_MUBSHER__OFS_BROWSERTC,8569_INPUTTER,27-Oct-18,14:31,,,GRJ
ET0010070,Karra Qallu Branch,1-Jan-12,,AA,5,EASTERN FINFINE DISTRICT,ET0010070,20163_MUBSHER__OFS_BROWSERTC,8569_INPUTTER,17-Oct-18,9:53,,,KRQ
ET0010071,Saris Branch,1-Jan-12,,AA,5,EASTERN FINFINE DISTRICT,ET0010071,21159_MUBSHER__OFS_BROWSERTC,8569_INPUTTER,28-Oct-18,10:07,,,SRS
ET0010075,Akaki Branch,1-Jan-12,,AA,5,EASTERN FINFINE DISTRICT,ET0010075,20885_MUBSHER__OFS_BROWSERTC,8569_INPUTTER,28-Oct-18,10:12,,,AKK
ET0010102,Erer Branch,1-Jan-12,,AA,5,EASTERN FINFINE DISTRICT,ET0010102,21159_MUBSHER__OFS_BROWSERTC,21263_INPUTTER,28-Oct-18,10:48,,,ERR
ET0010104,Bole Ruwanda Branch,1-Jan-12,,AA,5,EASTERN FINFINE DISTRICT,ET0010104,20937_MUBSHER__OFS_BROWSERTC,90787_INPUTTER,28-Oct-18,10:50,,,BLR
ET0010107,22 Mazoria Branch,1-Jan-12,,AA,5,EASTERN FINFINE DISTRICT,ET0010107,21159_MUBSHER__OFS_BROWSERTC,52757_INPUTTER,28-Oct-18,10:54,,,HMB
ET0010110,Tirunesh Dibaba Branch,1-Jan-12,,AA,5,EASTERN FINFINE DISTRICT,ET0010110,20937_MUBSHER__OFS_BROWSERTC,90787_INPUTTER,28-Oct-18,11:00,,,TRD
ET0010140,Abebie Tufa Branch,1-Jan-12,,AA,5,EASTERN FINFINE DISTRICT,ET0010140,21003_MUBSHER__OFS_BROWSERTC,90787_INPUTTER,28-Oct-18,15:49,,,ABT
ET0010149,Gurd Shola Branch,1-Jan-12,,AA,5,EASTERN FINFINE DISTRICT,ET0010149,21003_MUBSHER__OFS_BROWSERTC,90787_INPUTTER,28-Oct-18,16:00,,,GRD
ET0010154,Oda Nabe Branch,1-Jan-12,,OROMIA,5,EASTERN FINFINE DISTRICT,ET0010154,21259_MUBSHER__OFS_BROWSERTC,90787_INPUTTER,28-Oct-18,16:06,,,ODN
ET0010164,Bole Atlas Branch,1-Jan-12,,AA,5,EASTERN FINFINE DISTRICT,ET0010164,21003_MUBSHER__OFS_BROWSERTC,40797_INPUTTER,28-Oct-18,16:17,,,BLA
ET0010180,Haile Gebre Branch,1-Jan-12,,AA,5,EASTERN FINFINE DISTRICT,ET0010180,21003_MUBSHER__OFS_BROWSERTC,25972_AUTHORISER,28-Oct-18,16:35,,,HLG
ET0010196,Bole Bulbula Branch,1-Jan-12,,AA,5,EASTERN FINFINE DISTRICT,ET0010196,21003_MUBSHER__OFS_BROWSERTC,25972_AUTHORISER,28-Oct-18,16:54,,,BLB
ET0010236,Sadan Ekka Branch,1-Jan-12,,AA,5,EASTERN FINFINE DISTRICT,ET0010236,21259_MUBSHER__OFS_BROWSERTC,52757_INPUTTER,28-Oct-18,17:43,,,SDE
ET0010258,Eka Abado Branch,20-Jun-17,,AA,5,EASTERN FINFINE DISTRICT,ET0010258,21003_MUBSHER__OFS_BROWSERTC,50380_AUTHORISER,28-Oct-18,18:12,,,EKA
ET0010261,Bole Lami Branch,1-Jan-12,,AA,5,EASTERN FINFINE DISTRICT,ET0010261,10060_TEMESGENTAL__OFS_BROWSERTC,6622_TEMESGENTAL,5-Oct-17,9:26,,,BLL
ET0010354,Gawassa Branch,27-Nov-18,,AA,5,EASTERN FINFINE DISTRICT,ET0010354,70482_ADDKAMC__OFS_BROWSERTC,3969_ADDKAMC,28-Nov-18,2:45,,,GAW
ET0010364,Bole Arabsa Branch,27-Nov-18,,AA,5,EASTERN FINFINE DISTRICT,ET0010364,70482_ADDKAMC__OFS_BROWSERTC,3969_ADDKAMC,28-Nov-18,2:45,,,BAS
ET0010365,Xadacha Branch,1-Jan-12,,OROMIA,5,EASTERN FINFINE DISTRICT,ET0010365,23123_FEYKIDK__OFS_BROWSERTC,98820_WONYESB,6-Dec-19,15:16,,,XAD
ET0010388,Handhura Tulama Branch,22-Jan-19,,AA,5,EASTERN FINFINE DISTRICT,ET0010388,160067_ADDKAMC__OFS_BROWSERTC,22058_ADDKAMC,23-Jan-19,1:16,,,HTU
ET0010392,Wara Ganu Branch,1-Jan-12,,AA,5,EASTERN FINFINE DISTRICT,ET0010392,70931_HABBEKU__OFS_BROWSERTC,71152_HABBEKU,12-Feb-19,5:50,,,WRG
ET0010405,Harbu Branch,1-Jan-12,,AA,5,EASTERN FINFINE DISTRICT,ET0010405,4602_REGALEC__OFS_BROWSERTC,72687_FEYKIDK,1-Jan-20,16:38,,,HBU
ET0010406,Shabu Ejersa Branch,12-Nov-19,,OROMIA,5,EASTERN FINFINE DISTRICT,ET0010406,2169_ADDKAMC__OFS_BROWSERTC,13028_ADDKAMC,12-Nov-19,18:50,,,SBU
ET0010414,Haramain Branch,17-Dec-19,,AA,5,EASTERN FINFINE DISTRICT,ET0010414,42480_DONABEH__OFS_BROWSERTC,58026_ADDKAMC,2-Oct-20,9:09,,,HAM
ET0010420,Baro Tumsa Branch,1-Jan-12,,AA,5,EASTERN FINFINE DISTRICT,ET0010420,56_ZERENDK__OFS_BROWSERTC,48720_FEYKIDK,17-Aug-21,20:52,,,BRT
ET0010425,Tulu Dimtu Branch,1-Jan-12,,AA,5,EASTERN FINFINE DISTRICT,ET0010425,8859_FEYKIDK__OFS_BROWSERTC,91266_FEYKIDK,21-Oct-20,10:16,,,TLD
ET0010443,Shala Branch,1-Jan-12,,AA,5,EASTERN FINFINE DISTRICT,ET0010443,711_FEYKIDK__OFS_BROWSERTC,64013_FEYKIDK,12-Jan-21,17:08,,,SHL
ET0010444,Melba Branch,1-Jan-12,,AA,5,EASTERN FINFINE DISTRICT,ET0010444,526_FEYKIDK__OFS_BROWSERTC,38501_FEYKIDK,2-Feb-21,15:21,,,MLB
ET0010449,Beshale Branch,1-Jan-12,,AA,5,EASTERN FINFINE DISTRICT,ET0010449,559_FEYKIDK__OFS_BROWSERTC,8901_FEYKIDK,3-Feb-21,9:37,,,BES
ET0010451,Dulo Branch,1-Jan-12,,AA,5,EASTERN FINFINE DISTRICT,ET0010451,779_FEYKIDK__OFS_BROWSERTC,98337_FEYKIDK,4-Feb-21,10:08,,,DUL
ET0010459,Jate Branch,1-Jan-12,,AA,5,EASTERN FINFINE DISTRICT,ET0010459,71734_FEYKIDK,19764_FEYKIDK,30-Mar-21,9:47,,,JTE
ET0010460,Lemo Branch,1-Jan-12,,AA,5,EASTERN FINFINE DISTRICT,ET0010460,809_HABBEKU__OFS_BROWSERTC,68516_HABBEKU,14-Apr-21,19:27,,,LMO
ET0010474,Bole Airport Branch,1-Jan-12,,AA,5,EASTERN FINFINE DISTRICT,ET0010474,60266_HABBEKU__OFS_BROWSERTC,98705_HABBEKU,16-Jul-21,17:13,,,BAP
ET0010539,Gara Duba Branch,1-Jan-12,,AA,5,EASTERN FINFINE DISTRICT,ET0010539,1865_FEYKIDK,50439_FEYKIDK,1-Dec-21,11:54,,,GDU
ET0010560,Mammo Mazamir Branch,1-Jan-12,,AA,5,EASTERN FINFINE DISTRICT,ET0010560,28028_FEYKIDK,11290_FEYKIDK,17-Feb-22,16:34,,,MAM
ET0010577,Dukem industry zone,1-Jan-12,,AA,5,EASTERN FINFINE DISTRICT,ET0010577,47786_GEMGADB,82436_GEMGADB,10-May-22,14:44,,,DKI
ET0010589,Figa Branch,1-Jan-12,,AA,5,EASTERN FINFINE DISTRICT,ET0010589,46677_GEMGADB,55737_ZERENDK,10-May-22,16:21,,,FIG
ET0010604,Gara Bushu Branch,1-Jan-12,,AA,5,EASTERN FINFINE DISTRICT,ET0010604,68357_ZERENDK,49917_ZERENDK,1-Aug-22,19:23,,,GBU
ET0010606,Lauret Tsegaye,1-Jan-12,,AA,5,EASTERN FINFINE DISTRICT,ET0010606,68357_ZERENDK,42765_ZERENDK,1-Aug-22,19:23,,,LTG
ET0010007,Nekemte Branch,1-Jan-12,,OROMIA,6,NEKEMTE DISTRICT,ET0010007,20816_MUBSHER__OFS_BROWSERTC,52154_INPUTTER,27-Oct-18,10:11,,,NKM
ET0010016,Dambi Dollo Branch,1-Jan-12,,OROMIA,6,NEKEMTE DISTRICT,ET0010016,20788_MUBSHER__OFS_BROWSERTC,84250_INPUTTER,27-Oct-18,10:38,,,DMD
ET0010515,Burqa Jato Branch,1-Jan-12,,OROMIA,6,NEKEMTE DISTRICT,ET0010515,91685_HABBEKU__OFS_BROWSERTC,58074_HABBEKU,30-Dec-21,13:29,,,BUJ
ET0010029,Gimbi Branch,1-Jan-12,,OROMIA,6,NEKEMTE DISTRICT,ET0010029,20830_MUBSHER__OFS_BROWSERTC,34229_INPUTTER,27-Oct-18,11:21,,,GIM
ET0010039,Guliso Branch,1-Jan-12,,OROMIA,6,NEKEMTE DISTRICT,ET0010039,20799_MUBSHER__OFS_BROWSERTC,54712_INPUTTER,27-Oct-18,11:54,,,GLS
ET0010050,Anger Gute Branch,1-Jan-12,,OROMIA,6,NEKEMTE DISTRICT,ET0010050,20773_MUBSHER__OFS_BROWSERTC,58417_INPUTTER,27-Oct-18,12:21,,,ANG
ET0010054,Guduru Branch,1-Jan-12,,OROMIA,6,NEKEMTE DISTRICT,ET0010054,20765_MUBSHER__OFS_BROWSERTC,58417_INPUTTER,27-Oct-18,13:59,,,GUD
ET0010060,Gidami Branch,1-Jan-12,,OROMIA,6,NEKEMTE DISTRICT,ET0010060,20885_MUBSHER__OFS_BROWSERTC,8569_INPUTTER,28-Oct-18,9:49,,,GDM
ET0010098,Nedjo Branch,1-Jan-12,,OROMIA,6,NEKEMTE DISTRICT,ET0010098,20900_MUBSHER__OFS_BROWSERTC,88908_INPUTTER,28-Oct-18,10:44,,,NDJ
ET0010108,Leka Branch,1-Jan-12,,OROMIA,6,NEKEMTE DISTRICT,ET0010108,20937_MUBSHER__OFS_BROWSERTC,90787_INPUTTER,28-Oct-18,10:56,,,LKA
ET0010120,Shambu Branch,1-Jan-12,,OROMIA,6,NEKEMTE DISTRICT,ET0010120,21003_MUBSHER__OFS_BROWSERTC,90787_INPUTTER,28-Oct-18,11:45,,,SHB
ET0010138,Asosa Branch,1-Jan-12,,BENISHANGUL,6,NEKEMTE DISTRICT,ET0010138,10172_MUBSHER__OFS_GCS,90787_INPUTTER,3-Jul-18,15:53,,,ASO
ET0010161,Gida Ayana Branch,1-Jan-12,,OROMIA,6,NEKEMTE DISTRICT,ET0010161,21259_MUBSHER__OFS_BROWSERTC,62274_INPUTTER,28-Oct-18,16:13,,,GDA
ET0010186,Jimma Arjo Branch,1-Jan-12,,OROMIA,6,NEKEMTE DISTRICT,ET0010186,826_MUBSHER__OFS_BROWSERTC,25972_AUTHORISER,21-Mar-18,16:59,,,JMA
ET0010200,Ukke Branch,1-Jan-12,,OROMIA,6,NEKEMTE DISTRICT,ET0010200,21159_MUBSHER__OFS_BROWSERTC,25972_AUTHORISER,28-Oct-18,16:59,,,UKK
ET0010201,Chanqa Birbir Branch,1-Jan-12,,OROMIA,6,NEKEMTE DISTRICT,ET0010201,20937_MUBSHER__OFS_BROWSERTC,72225_INPUTTER,28-Oct-18,17:00,,,CHB
ET0010202,Leka Dulacha Branch,1-Jan-12,,OROMIA,6,NEKEMTE DISTRICT,ET0010202,20937_MUBSHER__OFS_BROWSERTC,72225_INPUTTER,28-Oct-18,17:02,,,LKD
ET0010204,Nunu Kumba Branch,1-Jan-12,,OROMIA,6,NEKEMTE DISTRICT,ET0010204,21159_MUBSHER__OFS_BROWSERTC,72225_INPUTTER,28-Oct-18,17:05,,,NNK
ET0010205,Jimma Rare Branch,1-Jan-12,,OROMIA,6,NEKEMTE DISTRICT,ET0010205,20937_MUBSHER__OFS_BROWSERTC,72225_INPUTTER,28-Oct-18,17:06,,,JMR
ET0010207,Sibu Sire Branch,1-Jan-12,,OROMIA,6,NEKEMTE DISTRICT,ET0010207,21159_MUBSHER__OFS_BROWSERTC,72225_INPUTTER,28-Oct-18,17:08,,,SBS
ET0010208,Ganji Branch,1-Jan-12,,OROMIA,6,NEKEMTE DISTRICT,ET0010208,20937_MUBSHER__OFS_BROWSERTC,72225_INPUTTER,28-Oct-18,17:09,,,GNJ
ET0010209,Mandi Branch,1-Jan-12,,OROMIA,6,NEKEMTE DISTRICT,ET0010209,21003_MUBSHER__OFS_BROWSERTC,72225_INPUTTER,28-Oct-18,17:11,,,MND
ET0010358,Gachi Branch,1-Jan-12,,OROMIA,10,JIMMA DISTRICT,ET0010358,50123_HABBEKU__OFS_BROWSERTC,38678_HABBEKU,18-Dec-18,7:21,,,GCH
ET0010359,Sokoru Branch,1-Jan-12,,OROMIA,10,JIMMA DISTRICT,ET0010359,50122_HABBEKU__OFS_BROWSERTC,38678_HABBEKU,18-Dec-18,7:20,,,SKR
ET0010360,Omo Nada Branch,18-Dec-18,,OROMIA,10,JIMMA DISTRICT,ET0010360,160027_ADDKAMC__OFS_BROWSERTC,93757_ADDKAMC,19-Dec-18,0:29,,,OND
ET0010387,Sigmo Branch,1-Jan-12,,OROMIA,10,JIMMA DISTRICT,ET0010387,21579_REGALEC__OFS_BROWSERTC,4804_FEYKIDK,23-Sep-19,15:38,,,SIG
ET0010396,Saxamma Branch,1-Jan-12,,OROMIA,10,JIMMA DISTRICT,ET0010396,21646_REGALEC__OFS_BROWSERTC,5415_REGALEC,23-Sep-19,15:37,,,SAX
ET0010403,Dedo Branch,1-Jan-12,,OROMIA,10,JIMMA DISTRICT,ET0010403,21682_REGALEC__OFS_BROWSERTC,5415_REGALEC,30-Sep-19,16:13,,,DED
ET0010404,Chawaqa Branch,1-Jan-12,,OROMIA,10,JIMMA DISTRICT,ET0010404,21616_REGALEC__OFS_BROWSERTC,24227_REGALEC,23-Sep-19,15:36,,,CHW
ET0010419,Fethi Mesjid Branch,1-Jan-12,,OROMIA,10,JIMMA DISTRICT,ET0010419,24951_FEYKIDK__OFS_BROWSERTC,62072_FEYKIDK,5-Feb-20,12:14,,,FET
ET0010447,Amana Branch,1-Jan-12,,OROMIA,10,JIMMA DISTRICT,ET0010447,40784_HABBEKU__OFS_BROWSERTC,50083_HABBEKU,13-Dec-21,14:56,,,AMN
ET0010467,Serbo Branch,1-Jan-12,,OROMIA,10,JIMMA DISTRICT,ET0010467,40563_HABBEKU__OFS_BROWSERTC,79413_HABBEKU,13-Dec-21,14:56,,,SRB
ET0010468,Yebu Branch,1-Jan-12,,OROMIA,10,JIMMA DISTRICT,ET0010468,40846_HABBEKU__OFS_BROWSERTC,78234_HABBEKU,13-Dec-21,14:55,,,YBU
ET0010549,Tobba Branch,1-Jan-12,,AA,10,JIMMA DISTRICT,ET0010549,95445_ZERENDK,81846_ZERENDK,26-Mar-22,6:16,,,TBB
ET0010067,Hawassa Branch,1-Jan-12,,SIDAMA,11,HAWASSA DISTRICT,ET0010067,2033_ZERENDK__OFS_BROWSERTC,8569_INPUTTER,25-Jan-22,14:39,,,HWA
ET0010015,Bule Hora Branch,1-Jan-12,,OROMIA,11,HAWASSA DISTRICT,ET0010015,20757_MUBSHER__OFS_BROWSERTC,82453_INPUTTER,27-Oct-18,10:36,,,BLH
ET0010532,Gedeb Branch,1-Jan-12,,SNNP,11,HAWASSA DISTRICT,ET0010532,40853_HABBEKU__OFS_BROWSERTC,25505_HABBEKU,13-Dec-21,14:51,,,GDB
ET0010527,Hawasa Industrial Park,1-Jan-12,,SIDAMA,11,HAWASSA DISTRICT,ET0010527,40854_HABBEKU__OFS_BROWSERTC,42147_HABBEKU,13-Dec-21,14:50,,,HIP
ET0010526,Alamura Branch,1-Jan-12,,SIDAMA,11,HAWASSA DISTRICT,ET0010526,40837_HABBEKU__OFS_BROWSERTC,22737_HABBEKU,13-Dec-21,14:50,,,ALM
ET0010525,Shafeta Branch,1-Jan-12,,SIDAMA,11,HAWASSA DISTRICT,ET0010525,40827_HABBEKU__OFS_BROWSERTC,41451_HABBEKU,13-Dec-21,14:50,,,SFT
ET0010488,Madha Galma Branch,1-Jan-12,,OROMIA,11,HAWASSA DISTRICT,ET0010488,40853_HABBEKU__OFS_BROWSERTC,68491_HABBEKU,13-Dec-21,14:50,,,MAD
ET0010487,Laku Branch,1-Jan-12,,SIDAMA,11,HAWASSA DISTRICT,ET0010487,40862_HABBEKU__OFS_BROWSERTC,7130_HABBEKU,13-Dec-21,14:49,,,LAK
ET0010486,Nur Branch,1-Jan-12,,OROMIA,11,HAWASSA DISTRICT,ET0010486,40345_HABBEKU__OFS_BROWSERTC,74351_HABBEKU,13-Dec-21,14:49,,,NUR
ET0010040,Dilla Branch,1-Jan-12,,SNNP,11,HAWASSA DISTRICT,ET0010040,20803_MUBSHER__OFS_BROWSERTC,54712_INPUTTER,27-Oct-18,11:55,,,DLL
ET0010041,Adola Branch,1-Jan-12,,OROMIA,11,HAWASSA DISTRICT,ET0010041,20766_MUBSHER__OFS_BROWSERTC,54712_INPUTTER,27-Oct-18,11:59,,,ADL
ET0010052,Odo Shakiso Branch,1-Jan-12,,OROMIA,11,HAWASSA DISTRICT,ET0010052,20837_MUBSHER__OFS_BROWSERTC,58417_INPUTTER,27-Oct-18,12:25,,,ODS
ET0010106,Negele Borena Branch,1-Jan-12,,OROMIA,11,HAWASSA DISTRICT,ET0010106,21003_MUBSHER__OFS_BROWSERTC,90787_INPUTTER,28-Oct-18,10:52,,,NGB
ET0010129,Moyale Branch,1-Jan-12,,OROMIA,11,HAWASSA DISTRICT,ET0010129,21003_MUBSHER__OFS_BROWSERTC,90787_INPUTTER,28-Oct-18,12:05,,,MYL
ET0010136,Fura Branch,1-Jan-12,,SIDAMA,11,HAWASSA DISTRICT,ET0010136,2017_ZERENDK__OFS_BROWSERTC,90787_INPUTTER,25-Jan-22,14:28,,,FRA
ET0010142,Yabello Branch,1-Jan-12,,OROMIA,11,HAWASSA DISTRICT,ET0010142,21259_MUBSHER__OFS_BROWSERTC,90787_INPUTTER,28-Oct-18,15:51,,,YBL
ET0010167,Uraga Branch,1-Jan-12,,OROMIA,11,HAWASSA DISTRICT,ET0010167,21003_MUBSHER__OFS_BROWSERTC,25972_AUTHORISER,28-Oct-18,16:20,,,URG
ET0010240,Qarcha Branch,1-Jan-12,,OROMIA,11,HAWASSA DISTRICT,ET0010240,21159_MUBSHER__OFS_BROWSERTC,52757_INPUTTER,28-Oct-18,17:47,,,QRC
ET0010259,Tabor Branch,1-Aug-17,,SIDAMA,11,HAWASSA DISTRICT,ET0010259,2083_ZERENDK__OFS_BROWSERTC,1140_NEGAKUA,25-Jan-22,14:49,,,TBR
ET0010299,Bore Branch,1-Jan-12,,OROMIA,11,HAWASSA DISTRICT,ET0010299,81104_NEGAKUA__OFS_BROWSERTC,4648_ASKKASA,4-Sep-18,16:12,,,BOR
ET0010311,Yirgachafe Branch,1-Jan-12,,SNNP,11,HAWASSA DISTRICT,ET0010311,81067_NEGAKUA__OFS_BROWSERTC,67078_WONYESB,4-Sep-18,16:12,,,YRC
ET0010352,Warka Branch,13-Nov-18,,SIDAMA,11,HAWASSA DISTRICT,ET0010352,1964_ZERENDK__OFS_BROWSERTC,18112_ADDKAMC,25-Jan-22,14:51,,,WRK
ET0010369,Hara Kello Branch,1-Jan-12,,OROMIA,11,HAWASSA DISTRICT,ET0010369,160006_ADDKAMC__OFS_BROWSERTC,73640_HABBEKU,4-Dec-18,13:16,,,HAR
ET0010378,Sumuda Branch,1-Jan-12,,SIDAMA,11,HAWASSA DISTRICT,ET0010378,2084_ZERENDK__OFS_BROWSERTC,38678_HABBEKU,25-Jan-22,14:48,,,SMD
ET0010379,Wadera Branch,1-Jan-12,,OROMIA,11,HAWASSA DISTRICT,ET0010379,42490_DONABEH__OFS_BROWSERTC,36332_HABBEKU,2-Oct-20,9:11,,,WAD
ET0010380,Taltale Branch,1-Jan-12,,OROMIA,11,HAWASSA DISTRICT,ET0010380,50106_HABBEKU__OFS_BROWSERTC,38678_HABBEKU,18-Dec-18,7:19,,,TLT
ET0010394,Bensa Daye Branch,1-Jan-12,,SIDAMA,11,HAWASSA DISTRICT,ET0010394,1924_ZERENDK__OFS_BROWSERTC,73603_WONYESB,25-Jan-22,14:27,,,BND
ET0010400,Tullu Farda,1-Jan-12,,OROMIA,11,HAWASSA DISTRICT,ET0010400,8726_DONABEH__OFS_BROWSERTC,76604_FEYKIDK,20-Oct-20,11:42,,,TUL
ET0010437,Beriso Dukale Micro,1-Jan-12,,OROMIA,11,HAWASSA DISTRICT,ET0010437,9228_FEYKIDK__OFS_BROWSERTC,54113_FEYKIDK,25-Nov-20,17:18,,,BDM
ET0010438,Yirgalem Branch,1-Jan-12,,SIDAMA,11,HAWASSA DISTRICT,ET0010438,8923_FEYKIDK__OFS_BROWSERTC,23265_FEYKIDK,25-Nov-20,17:35,,,YLM
ET0010462,Dollo Ado Branch,1-Jan-12,,SOMALI,11,HAWASSA DISTRICT,ET0010462,40708_HABBEKU__OFS_BROWSERTC,23067_FEYKIDK,13-Dec-21,14:51,,,DAD
ET0010584,ALNasir Branch,1-Jan-12,,AA,11,HAWASSA DISTRICT,ET0010584,46374_ZERENDK,56683_BILMESB,6-Apr-22,19:05,,,ALN
ET0010583,DERARO BRANCH,1-Jan-12,,AA,11,HAWASSA DISTRICT,ET0010583,43070_ZERENDK,54081_ZERENDK,6-Apr-22,19:57,,,DER
ET0010603,Haya Dima Branch,1-Jan-12,,AA,11,HAWASSA DISTRICT,ET0010603,52866_ZERENDK,37658_ZERENDK,12-Jul-22,11:58,,,HYD
ET0010086,Mekele Branch,1-Jan-12,,TIGRAY,12,MEKELE AREA BR RELATIONSHIP OFFICE,ET0010086,61107_MEGERSA__OFS_BROWSERTC,88908_INPUTTER,14-May-19,15:20,,,MKL
ET0010123,Shire Branch,1-Jan-12,,TIGRAY,12,MEKELE AREA BR RELATIONSHIP OFFICE,ET0010123,21032_REGALEC__OFS_BROWSERTC,90787_INPUTTER,17-Jun-19,16:27,,,SHR
ET0010148,Djibruk Branch,1-Jan-12,,TIGRAY,12,MEKELE AREA BR RELATIONSHIP OFFICE,ET0010148,21057_REGALEC__OFS_BROWSERTC,90787_INPUTTER,17-Jun-19,16:26,,,DJB
ET0010389,Aksum Branch,1-Jan-12,,TIGRAY,12,MEKELE AREA BR RELATIONSHIP OFFICE,ET0010389,21193_REGALEC__OFS_BROWSERTC,31427_REGALEC,17-Jun-19,16:26,,,AKS
ET0010390,Adigrat Branch,1-Jan-12,,TIGRAY,12,MEKELE AREA BR RELATIONSHIP OFFICE,ET0010390,21111_REGALEC__OFS_BROWSERTC,31427_REGALEC,17-Jun-19,16:27,,,ADT
ET0010003,Asela Branch,1-Jan-12,,OROMIA,13,ASELLA DISTRICT,ET0010003,40091_ZERENDK__OFS_BROWSERTC,94643_INPUTTER,17-Aug-21,20:18,,,ASL
ET0010338,Kobo Branch,30-Oct-18,,OROMIA,14,CHIRO DISTRICT,ET0010338,40095_ZERENDK__OFS_BROWSERTC,21993_ADDKAMC,17-Aug-21,20:27,,,KOB
ET0010340,Michata Branch,1-Jan-12,,OROMIA,14,CHIRO DISTRICT,ET0010340,40095_ZERENDK__OFS_BROWSERTC,46925_REGALEC,17-Aug-21,20:27,,,MIC
ET0010374,JAJA BRANCH,1-Jan-12,,OROMIA,14,CHIRO DISTRICT,ET0010374,40095_ZERENDK__OFS_BROWSERTC,5449_FEYKIDK,17-Aug-21,20:28,,,JAJ
ET0010375,Doba Branch,1-Jan-12,,OROMIA,14,CHIRO DISTRICT,ET0010375,40095_ZERENDK__OFS_BROWSERTC,53454_FEYKIDK,17-Aug-21,20:28,,,DOB
ET0010377,Sheik Mohammed Reshad,1-Jan-12,,DIREDEWA,14,CHIRO DISTRICT,ET0010377,40095_ZERENDK__OFS_BROWSERTC,59529_FEYKIDK,17-Aug-21,20:28,,,SMR
ET0010505,Miesso Branch,1-Jan-12,,Oromia,14,CHIRO DISTRICT,ET0010505,28406_FEYKIDK,62172_FEYKIDK,8-Oct-21,10:45,,,MIE
ET0010506,Ancher Branch,1-Jan-12,,OROMIA,14,CHIRO DISTRICT,ET0010506,1345_ZERENDK,43233_ZERENDK,8-Oct-21,11:52,,,ANC
ET0010507,Gemechis Branch,1-Jan-12,,HARARI,14,CHIRO DISTRICT,ET0010507,40837_HABBEKU__OFS_BROWSERTC,31589_ZERENDK,13-Dec-21,14:44,,,GEM
ET0010578,Murtiguto Branch,1-Jan-12,,OROMIA,14,CHIRO DISTRICT,ET0010578,75196_FEYKIDK,91132_FEYKIDK,21-Apr-22,10:52,,,MRB
ET0010586,Asabot Branch,1-Jan-12,,OROMIA,14,CHIRO DISTRICT,ET0010586,72491_FEYKIDK,85711_FEYKIDK,21-Apr-22,11:48,,,ASB
ET0010587,Haro Charchar Branch,1-Jan-12,,AA,14,CHIRO DISTRICT,ET0010587,59216_ZERENDK,14406_ZERENDK,24-Apr-22,23:58,,,HCR
ET0010588,Burqa Dhintu Branch,1-Jan-12,,AA,14,CHIRO DISTRICT,ET0010588,59216_ZERENDK,37753_ZERENDK,24-Apr-22,23:58,,,BDH
ET0010093,Hosana Branch,1-Jan-12,,SNNP,15,HOSSANA DISTRICT,ET0010093,40095_ZERENDK__OFS_BROWSERTC,88908_INPUTTER,17-Aug-21,20:29,,,HSN
ET0010094,Wolayita Soddo Branch,1-Jan-12,,SNNP,15,HOSSANA DISTRICT,ET0010094,40095_ZERENDK__OFS_BROWSERTC,88908_INPUTTER,17-Aug-21,20:29,,,WOS
ET0010562,Sankura Branch,1-Jan-12,,SNNP,15,HOSSANA DISTRICT,ET0010562,1353_HABBEKU__OFS_BROWSERTC,95098_HABBEKU,8-Jan-22,15:12,,,SNK
ET0010563,Gesupa Branch,1-Jan-12,,SNNP,15,HOSSANA DISTRICT,ET0010563,760_HABBEKU__OFS_BROWSERTC,61230_HABBEKU,8-Jan-22,15:12,,,GSP
ET0010551,Damboya Branch,1-Jan-12,,SNNP,15,HOSSANA DISTRICT,ET0010551,40853_HABBEKU__OFS_BROWSERTC,67729_HABBEKU,13-Dec-21,14:54,,,DAM
ET0010552,Boditi Branch,1-Jan-12,,SNNP,15,HOSSANA DISTRICT,ET0010552,40837_HABBEKU__OFS_BROWSERTC,913_HABBEKU,13-Dec-21,14:53,,,BOD
ET0010553,Konso Branch,1-Jan-12,,SNNP,15,HOSSANA DISTRICT,ET0010553,40780_HABBEKU__OFS_BROWSERTC,68798_HABBEKU,13-Dec-21,14:53,,,KON
ET0010554,Jajura Branch,1-Jan-12,,SNNP,15,HOSSANA DISTRICT,ET0010554,40853_HABBEKU__OFS_BROWSERTC,14530_HABBEKU,13-Dec-21,14:53,,,JJU
ET0010494,Areka Branch,1-Jan-12,,SNNP,15,HOSSANA DISTRICT,ET0010494,40831_HABBEKU__OFS_BROWSERTC,50108_HABBEKU,13-Dec-21,14:53,,,ARK
ET0010493,Shinshicho Branch,1-Jan-12,,SNNP,15,HOSSANA DISTRICT,ET0010493,40345_HABBEKU__OFS_BROWSERTC,5828_HABBEKU,13-Dec-21,14:52,,,SHS
ET0010492,Durame Branch,1-Jan-12,,SNNP,15,HOSSANA DISTRICT,ET0010492,40820_HABBEKU__OFS_BROWSERTC,4962_HABBEKU,13-Dec-21,14:52,,,DUR
ET0010491,Conolel Bezabih Petros,1-Jan-12,,SNNP,15,HOSSANA DISTRICT,ET0010491,40854_HABBEKU__OFS_BROWSERTC,96826_HABBEKU,13-Dec-21,14:51,,,CBP
ET0010162,Wolkite Branch,1-Jan-12,,SNNP,15,HOSSANA DISTRICT,ET0010162,40095_ZERENDK__OFS_BROWSERTC,62274_INPUTTER,17-Aug-21,20:30,,,WLK
ET0010176,Arba Minch Branch,1-Jan-12,,SNNP,15,HOSSANA DISTRICT,ET0010176,40095_ZERENDK__OFS_BROWSERTC,25972_AUTHORISER,17-Aug-21,20:30,,,ARM
ET0010310,Butajira Branch,1-Jan-12,,SNNP,15,HOSSANA DISTRICT,ET0010310,40095_ZERENDK__OFS_BROWSERTC,32036_TSENIRM,17-Aug-21,20:30,,,BUT
ET0010329,Sechduna Branch,1-Jan-12,,SNNP,15,HOSSANA DISTRICT,ET0010329,40095_ZERENDK__OFS_BROWSERTC,90152_FEYKIDK,17-Aug-21,20:31,,,HSM
ET0010336,Halaba Kulito Branch,1-Jan-12,,SNNP,15,HOSSANA DISTRICT,ET0010336,40095_ZERENDK__OFS_BROWSERTC,85507_TSENIRM,17-Aug-21,20:31,,,HAL
ET0010423,OMER IBN ALKHATTAB Br,27-May-20,,SNNP,15,HOSSANA DISTRICT,ET0010423,40095_ZERENDK__OFS_BROWSERTC,4572_ADDKAMC,17-Aug-21,20:31,,,OMI
ET0010439,Doyo Gena Branch,1-Jan-12,,SNNP,15,HOSSANA DISTRICT,ET0010439,40095_ZERENDK__OFS_BROWSERTC,2866_FEYKIDK,17-Aug-21,20:31,,,DYG
ET0010440,Hadero Branch,1-Jan-12,,SNNP,15,HOSSANA DISTRICT,ET0010440,40091_ZERENDK__OFS_BROWSERTC,20544_FEYKIDK,17-Aug-21,20:32,,,HDR
ET0010495,Bonosha Branch,1-Jan-12,,SNNP,15,HOSSANA DISTRICT,ET0010495,66298_FEYKIDK,56008_FEYKIDK,21-Sep-21,16:52,,,BNS
ET0010496,Bui Branch,1-Jan-12,,SNNP,15,HOSSANA DISTRICT,ET0010496,66298_FEYKIDK,23342_FEYKIDK,21-Sep-21,16:52,,,BUI
ET0010497,Kela Branch,1-Jan-12,,SNNP,15,HOSSANA DISTRICT,ET0010497,2102_FEYKIDK__OFS_BROWSERTC,84036_FEYKIDK,10-Feb-22,17:12,,,KEL
ET0010498,Enseno Branch,1-Jan-12,,SNNP,15,HOSSANA DISTRICT,ET0010498,66298_FEYKIDK,87503_FEYKIDK,21-Sep-21,16:52,,,ENS
ET0010572,Homecho Branch,1-Jan-12,,AA,15,HOSSANA DISTRICT,ET0010572,22902_ZERENDK,73720_ZERENDK,13-Mar-22,20:50,,,HMC
ET0010580,Tona Branch,1-Jan-12,,AA,15,HOSSANA DISTRICT,ET0010580,53754_ZERENDK,83080_ZERENDK,2-Apr-22,10:47,,,TNA
ET0010600,Dawuro Branch,1-Jan-12,,AA,15,HOSSANA DISTRICT,ET0010600,48982_ZERENDK,65249_ZERENDK,6-Jul-22,10:29,,,DWR
ET0010601,Fitawurari Geja,1-Jan-12,,AA,15,HOSSANA DISTRICT,ET0010601,8628_ZERENDK,93928_ZERENDK,6-Jul-22,11:30,,,FTA
ET0010602,Lisana Branch,1-Jan-12,,AA,15,HOSSANA DISTRICT,ET0010602,89680_ZERENDK,89680_ZERENDK,6-Jul-22,11:20,,,LSN
ET0010019,Gulele Branch,1-Jan-12,,AA,16,NORTH FINFINE DISTRICT,ET0010019,56_HABBEKU__OFS_BROWSERTC,84250_INPUTTER,17-Aug-21,21:26,,,GLL
ET0010023,Sululta Branch,1-Jan-12,,OROMIA,16,NORTH FINFINE DISTRICT,ET0010023,56_HABBEKU__OFS_BROWSERTC,84250_INPUTTER,17-Aug-21,21:26,,,SLL
ET0010540,Wabari Branch,1-Jan-12,,AA,16,NORTH FINFINE DISTRICT,ET0010540,91286_HABBEKU__OFS_BROWSERTC,97195_HABBEKU,13-Dec-21,11:18,,,WBR
ET0010537,Rabadori Branch,1-Jan-12,,AA,16,NORTH FINFINE DISTRICT,ET0010537,40861_ZERENDK__OFS_BROWSERTC,195_ZERENDK,26-Nov-21,15:41,,,RAB
ET0010031,Kuyyu Branch,1-Jan-12,,OROMIA,16,NORTH FINFINE DISTRICT,ET0010031,56_HABBEKU__OFS_BROWSERTC,54712_INPUTTER,17-Aug-21,21:26,,,KYU
ET0010032,Sendafa Bake Branch,1-Jan-12,,OROMIA,16,NORTH FINFINE DISTRICT,ET0010032,56_HABBEKU__OFS_BROWSERTC,54712_INPUTTER,17-Aug-21,21:26,,,SNB
ET0010053,Chancho Branch,1-Jan-12,,OROMIA,16,NORTH FINFINE DISTRICT,ET0010053,56_HABBEKU__OFS_BROWSERTC,58417_INPUTTER,17-Aug-21,21:27,,,CHA
ET0010066,Lega Tafo Branch,1-Jan-12,,OROMIA,16,NORTH FINFINE DISTRICT,ET0010066,56_HABBEKU__OFS_BROWSERTC,8569_INPUTTER,17-Aug-21,21:27,,,LGT
ET0010080,Fiche Branch,1-Jan-12,,OROMIA,16,NORTH FINFINE DISTRICT,ET0010080,56_HABBEKU__OFS_BROWSERTC,88908_INPUTTER,17-Aug-21,21:27,,,FCH
ET0010081,Kotobe Branch,1-Jan-12,,AA,16,NORTH FINFINE DISTRICT,ET0010081,56_HABBEKU__OFS_BROWSERTC,88908_INPUTTER,17-Aug-21,21:27,,,KTB
ET0010092,Sheno Branch,1-Jan-12,,OROMIA,16,NORTH FINFINE DISTRICT,ET0010092,56_HABBEKU__OFS_BROWSERTC,88908_INPUTTER,17-Aug-21,21:28,,,SHN
ET0010095,Addisu Gebeya Branch,1-Jan-12,,AA,16,NORTH FINFINE DISTRICT,ET0010095,56_HABBEKU__OFS_BROWSERTC,88908_INPUTTER,17-Aug-21,21:28,,,ADG
ET0010137,Ferensay Legasiyon Br,1-Jan-12,,AA,16,NORTH FINFINE DISTRICT,ET0010137,56_HABBEKU__OFS_BROWSERTC,90787_INPUTTER,17-Aug-21,21:28,,,FRL
ET0010143,Bake Branch,1-Jan-12,,OROMIA,16,NORTH FINFINE DISTRICT,ET0010143,56_HABBEKU__OFS_BROWSERTC,90787_INPUTTER,17-Aug-21,21:28,,,BKE
ET0010147,Muka Turi Branch,1-Jan-12,,OROMIA,16,NORTH FINFINE DISTRICT,ET0010147,56_HABBEKU__OFS_BROWSERTC,90787_INPUTTER,17-Aug-21,21:28,,,MKT
ET0010151,CMC Branch,1-Jan-12,,AA,16,NORTH FINFINE DISTRICT,ET0010151,56_HABBEKU__OFS_BROWSERTC,90787_INPUTTER,17-Aug-21,21:29,,,CMC
ET0010157,Derra Branch,1-Jan-12,,OROMIA,16,NORTH FINFINE DISTRICT,ET0010157,56_HABBEKU__OFS_BROWSERTC,47169_NEGAKUA,17-Aug-21,21:29,,,DRR
ET0010169,Lamberet Branch,1-Jan-12,,AA,16,NORTH FINFINE DISTRICT,ET0010169,56_HABBEKU__OFS_BROWSERTC,25972_AUTHORISER,17-Aug-21,21:29,,,LMB
ET0010175,Dale Dembel Branch,1-Jan-12,,OROMIA,16,NORTH FINFINE DISTRICT,ET0010175,101_HABBEKU__OFS_BROWSERTC,25972_AUTHORISER,17-Aug-21,21:29,,,DLD
ET0010177,Wasarbi Branch,1-Jan-12,,OROMIA,16,NORTH FINFINE DISTRICT,ET0010177,101_HABBEKU__OFS_BROWSERTC,25972_AUTHORISER,17-Aug-21,21:29,,,WSR
ET0010179,Shenen Jida Branch,1-Jan-12,,OROMIA,16,NORTH FINFINE DISTRICT,ET0010179,101_HABBEKU__OFS_BROWSERTC,25972_AUTHORISER,17-Aug-21,21:30,,,SHJ
ET0010193,Warra Jarso Branch,1-Jan-12,,OROMIA,16,NORTH FINFINE DISTRICT,ET0010193,101_HABBEKU__OFS_BROWSERTC,25972_AUTHORISER,17-Aug-21,21:30,,,WRJ
ET0010225,Mulo Branch,1-Jan-12,,OROMIA,16,NORTH FINFINE DISTRICT,ET0010225,101_HABBEKU__OFS_BROWSERTC,30520_AUTHORISER,17-Aug-21,21:30,,,MLO
ET0010238,Shararo Branch,1-Jan-12,,OROMIA,16,NORTH FINFINE DISTRICT,ET0010238,101_HABBEKU__OFS_BROWSERTC,52757_INPUTTER,17-Aug-21,21:30,,,SRO
ET0010255,Aleltu Branch,20-Jun-17,,OROMIA,16,NORTH FINFINE DISTRICT,ET0010255,101_HABBEKU__OFS_BROWSERTC,36978_MIG03,17-Aug-21,21:30,,,ALT
ET0010264,Adami Branch,6-Sep-17,,AA,16,NORTH FINFINE DISTRICT,ET0010264,101_HABBEKU__OFS_BROWSERTC,18973_ASKKASA,17-Aug-21,21:31,,,ADI
ET0010266,Mujja Branch,1-Jan-12,,AA,16,NORTH FINFINE DISTRICT,ET0010266,101_HABBEKU__OFS_BROWSERTC,58948_TEMESGENTAL,17-Aug-21,21:31,,,MUJ
ET0010272,Karra Xuxxo Branch,16-Oct-17,,AA,16,NORTH FINFINE DISTRICT,ET0010272,56_HABBEKU__OFS_BROWSERTC,93975_NEGAKUA,17-Aug-21,21:31,,,KXU
ET0010293,Karra Allo Branch,24-Jan-18,,AA,16,NORTH FINFINE DISTRICT,ET0010293,56_HABBEKU__OFS_BROWSERTC,46923_NEGAKUA,17-Aug-21,21:31,,,KLO
ET0010298,Yaya Gulale Branch,24-Feb-18,,OROMIA,16,NORTH FINFINE DISTRICT,ET0010298,56_HABBEKU__OFS_BROWSERTC,47365_ADDKAMC,17-Aug-21,21:31,,,YGU
ET0010302,Shufune Branch,1-Jan-12,,OROMIA,16,NORTH FINFINE DISTRICT,ET0010302,56_HABBEKU__OFS_BROWSERTC,13015_ASKKASA,17-Aug-21,21:31,,,SHF
ET0010321,Salgan Eggu Branch,1-Jan-12,,OROMIA,16,NORTH FINFINE DISTRICT,ET0010321,56_HABBEKU__OFS_BROWSERTC,25332_WONYESB,17-Aug-21,21:32,,,SLE
ET0010331,Chafe Arara Branch,1-Jan-12,,AA,16,NORTH FINFINE DISTRICT,ET0010331,56_HABBEKU__OFS_BROWSERTC,25509_TSENIRM,17-Aug-21,21:32,,,CHF
ET0010353,Abichu Nya'a Branch,27-Nov-18,,OROMIA,16,NORTH FINFINE DISTRICT,ET0010353,56_HABBEKU__OFS_BROWSERTC,3969_ADDKAMC,17-Aug-21,21:32,,,ANY
ET0010355,Tufa Muna Branch,1-Jan-12,,AA,16,NORTH FINFINE DISTRICT,ET0010355,56_HABBEKU__OFS_BROWSERTC,28619_HABBEKU,17-Aug-21,21:32,,,TUF
ET0010386,Bilile Branch,22-Jan-19,,AA,16,NORTH FINFINE DISTRICT,ET0010386,56_HABBEKU__OFS_BROWSERTC,22058_ADDKAMC,17-Aug-21,21:32,,,BLI
ET0010391,Laga Bari Branch,22-Jan-19,,OROMIA,16,NORTH FINFINE DISTRICT,ET0010391,56_HABBEKU__OFS_BROWSERTC,22058_ADDKAMC,17-Aug-21,21:32,,,LGB
ET0010441,Harru Maru Branch,1-Jan-12,,AA,16,NORTH FINFINE DISTRICT,ET0010441,56_HABBEKU__OFS_BROWSERTC,86312_FEYKIDK,17-Aug-21,21:33,,,HMA
ET0010445,Bakalca Branch,1-Jan-12,,AA,16,NORTH FINFINE DISTRICT,ET0010445,56_HABBEKU__OFS_BROWSERTC,66441_FEYKIDK,17-Aug-21,21:33,,,BKL
ET0010450,Bori Branch,1-Jan-12,,AA,16,NORTH FINFINE DISTRICT,ET0010450,56_HABBEKU__OFS_BROWSERTC,45429_FEYKIDK,17-Aug-21,21:33,,,BRI
ET0010465,Awaro Branch,1-Jan-12,,AA,16,NORTH FINFINE DISTRICT,ET0010465,56_HABBEKU__OFS_BROWSERTC,92334_FEYKIDK,17-Aug-21,21:33,,,AWR
ET0010475,Madaro Branch,1-Jan-12,,AA,16,NORTH FINFINE DISTRICT,ET0010475,56_HABBEKU__OFS_BROWSERTC,55988_HABBEKU,17-Aug-21,21:33,,,MDR
ET0010555,Hurufa Farado Branch,1-Jan-12,,Oromia,16,NORTH FINFINE DISTRICT,ET0010555,14153_FEYKIDK,93193_FEYKIDK,20-Dec-21,15:43,,,HUF
ET0010575,Folle Branch,1-Jan-12,,AA,16,NORTH FINFINE DISTRICT,ET0010575,27254_FEYKIDK,87269_FEYKIDK,29-Mar-22,9:38,,,FOL
ET0010576,Didimtu Branch,1-Jan-12,,AA,16,NORTH FINFINE DISTRICT,ET0010576,27780_FEYKIDK,75524_FEYKIDK,28-Mar-22,18:01,,,DDM
ET0010582,Debre Birhan Branch,1-Jan-12,,AA,16,NORTH FINFINE DISTRICT,ET0010582,88642_ZERENDK,59641_ZERENDK,12-Apr-22,7:30,,,DBB
ET0010581,Lega Billawo Branch,1-Jan-12,,AA,16,NORTH FINFINE DISTRICT,ET0010581,1559_ZERENDK,10319_ZERENDK,12-Apr-22,13:57,,,LBL
ET0010590,Hidhabu Abote Branch,1-Jan-12,,AA,16,NORTH FINFINE DISTRICT,ET0010590,3881_ZERENDK,14139_ZERENDK,20-May-22,6:11,,,HDA
ET0010598,Fitala Branch,1-Jan-12,,AA,16,NORTH FINFINE DISTRICT,ET0010598,59345_ZERENDK,90296_ZERENDK,25-Jun-22,12:15,,,FIT
ET0010605,Garba Guracha Branch,1-Jan-12,,AA,16,NORTH FINFINE DISTRICT,ET0010605,35709_ZERENDK,16110_ZERENDK,29-Jul-22,14:08,,,GGR
ET0010166,Jamo Branch,1-Jan-12,,AA,17,SOUTH FINFINE DISTRICT,ET0010166,56_HABBEKU__OFS_BROWSERTC,25972_AUTHORISER,17-Aug-21,21:21,,,JMO
ET0010300,Asgori Branch,1-Jan-12,,OROMIA,17,SOUTH FINFINE DISTRICT,ET0010300,56_HABBEKU__OFS_BROWSERTC,43930_TSENIRM,17-Aug-21,21:17,,,ASG
ET0010538,Butta Branch,1-Jan-12,,AA,17,SOUTH FINFINE DISTRICT,ET0010538,67131_HABBEKU,67131_HABBEKU,25-Nov-21,10:09,,,BTA
ET0010529,Mako Bili Branch,1-Jan-12,,AA,17,SOUTH FINFINE DISTRICT,ET0010529,88204_HABBEKU,88204_HABBEKU,12-Nov-21,16:19,,,MKB
ET0010306,Ayetu Branch,1-Jan-12,,OROMIA,17,SOUTH FINFINE DISTRICT,ET0010306,56_HABBEKU__OFS_BROWSERTC,13137_MELGIZY,17-Aug-21,21:17,,,AYE
ET0010073,Bakannisa Branch,1-Jan-12,,AA,17,SOUTH FINFINE DISTRICT,ET0010073,56_HABBEKU__OFS_BROWSERTC,8569_INPUTTER,17-Aug-21,21:18,,,BKN
ET0010289,Bantu Branch,1-Jan-12,,OROMIA,17,SOUTH FINFINE DISTRICT,ET0010289,56_HABBEKU__OFS_BROWSERTC,56363_NURLEGK,17-Aug-21,21:18,,,BNT
ET0010456,Burka Wayu Branch,1-Jan-12,,AA,17,SOUTH FINFINE DISTRICT,ET0010456,56_HABBEKU__OFS_BROWSERTC,13502_FEYKIDK,17-Aug-21,21:18,,,BKW
ET0010235,Chalchali Branch,1-Jan-12,,AA,17,SOUTH FINFINE DISTRICT,ET0010235,56_HABBEKU__OFS_BROWSERTC,52757_INPUTTER,17-Aug-21,21:18,,,CHL
ET0010214,Dawo Branch,1-Jan-12,,OROMIA,17,SOUTH FINFINE DISTRICT,ET0010214,56_HABBEKU__OFS_BROWSERTC,72225_INPUTTER,17-Aug-21,21:19,,,DWO
ET0010079,Furi Branch,1-Jan-12,,OROMIA,17,SOUTH FINFINE DISTRICT,ET0010079,56_HABBEKU__OFS_BROWSERTC,88908_INPUTTER,17-Aug-21,21:19,,,FRI
ET0010174,Gofa Gabriel Branch,1-Jan-12,,AA,17,SOUTH FINFINE DISTRICT,ET0010174,56_HABBEKU__OFS_BROWSERTC,25972_AUTHORISER,17-Aug-21,21:19,,,GFG
ET0010119,Gofa Mazoria Branch,1-Jan-12,,AA,17,SOUTH FINFINE DISTRICT,ET0010119,56_HABBEKU__OFS_BROWSERTC,90787_INPUTTER,17-Aug-21,21:20,,,GFM
ET0010126,Gotera Branch,1-Jan-12,,AA,17,SOUTH FINFINE DISTRICT,ET0010126,56_HABBEKU__OFS_BROWSERTC,90787_INPUTTER,17-Aug-21,21:20,,,GTR
ET0010458,Halchisa Branch,1-Jan-12,,AA,17,SOUTH FINFINE DISTRICT,ET0010458,56_HABBEKU__OFS_BROWSERTC,19402_FEYKIDK,17-Aug-21,21:20,,,HLC
ET0010463,Haro Wanchi Branch,1-Jan-12,,AA,17,SOUTH FINFINE DISTRICT,ET0010463,56_HABBEKU__OFS_BROWSERTC,32198_HABBEKU,17-Aug-21,21:20,,,WCH
ET0010457,Horsisa Branch,1-Jan-12,,AA,17,SOUTH FINFINE DISTRICT,ET0010457,56_HABBEKU__OFS_BROWSERTC,48278_FEYKIDK,17-Aug-21,21:21,,,HRS
ET0010194,Jahan Ameya Branch,1-Jan-12,,OROMIA,17,SOUTH FINFINE DISTRICT,ET0010194,56_HABBEKU__OFS_BROWSERTC,25972_AUTHORISER,17-Aug-21,21:21,,,JHA
ET0010112,Lafto Branch,1-Jan-12,,AA,17,SOUTH FINFINE DISTRICT,ET0010112,56_HABBEKU__OFS_BROWSERTC,90787_INPUTTER,17-Aug-21,21:21,,,LFT
ET0010292,Labu Branch,11-Jan-18,,AA,17,SOUTH FINFINE DISTRICT,ET0010292,56_HABBEKU__OFS_BROWSERTC,84851_NEGAKUA,17-Aug-21,21:21,,,LBU
ET0010156,Leman Branch,1-Jan-12,,OROMIA,17,SOUTH FINFINE DISTRICT,ET0010156,56_HABBEKU__OFS_BROWSERTC,8569_INPUTTER,17-Aug-21,21:22,,,LMN
ET0010223,Lume Branch,1-Jan-12,,AA,17,SOUTH FINFINE DISTRICT,ET0010223,56_HABBEKU__OFS_BROWSERTC,30520_AUTHORISER,17-Aug-21,21:22,,,LME
ET0010435,Marwa Branch,1-Jan-12,,OROMIA,17,SOUTH FINFINE DISTRICT,ET0010435,56_HABBEKU__OFS_BROWSERTC,73883_FEYKIDK,17-Aug-21,21:22,,,MRW
ET0010343,Merde Branch,1-Jan-12,,AA,17,SOUTH FINFINE DISTRICT,ET0010343,56_HABBEKU__OFS_BROWSERTC,94468_TSENIRM,17-Aug-21,21:22,,,MER
ET0010183,Nonno Branch,1-Jan-12,,OROMIA,17,SOUTH FINFINE DISTRICT,ET0010183,56_HABBEKU__OFS_BROWSERTC,25972_AUTHORISER,17-Aug-21,21:23,,,NNO
ET0010309,Ochocha Branch,9-Jul-18,,OROMIA,17,SOUTH FINFINE DISTRICT,ET0010309,56_HABBEKU__OFS_BROWSERTC,75485_ADDKAMC,17-Aug-21,21:23,,,OCH
ET0010448,Qacha Branch,1-Jan-12,,AA,17,SOUTH FINFINE DISTRICT,ET0010448,56_HABBEKU__OFS_BROWSERTC,76656_FEYKIDK,17-Aug-21,21:23,,,QCA
ET0010305,Qorke Karabu Branch,1-Jan-12,,OROMIA,17,SOUTH FINFINE DISTRICT,ET0010305,56_HABBEKU__OFS_BROWSERTC,15391_ASKKASA,17-Aug-21,21:23,,,QRK
ET0010270,Sadan Soddo Branch,1-Jan-12,,OROMIA,17,SOUTH FINFINE DISTRICT,ET0010270,56_HABBEKU__OFS_BROWSERTC,69059_NURLEGK,17-Aug-21,21:23,,,SDS
ET0010020,Sebeta Ayo Branch,1-Jan-12,,OROMIA,17,SOUTH FINFINE DISTRICT,ET0010020,56_HABBEKU__OFS_BROWSERTC,84250_INPUTTER,17-Aug-21,21:24,,,SBA
ET0010083,Sebeta Hawas Branch,1-Jan-12,,OROMIA,17,SOUTH FINFINE DISTRICT,ET0010083,56_HABBEKU__OFS_BROWSERTC,88908_INPUTTER,17-Aug-21,21:24,,,SBH
ET0010215,Soddo Dachi Branch,1-Jan-12,,OROMIA,17,SOUTH FINFINE DISTRICT,ET0010215,56_HABBEKU__OFS_BROWSERTC,72225_INPUTTER,17-Aug-21,21:24,,,SDD
ET0010297,Taji Branch,26-Jan-18,,OROMIA,17,SOUTH FINFINE DISTRICT,ET0010297,56_HABBEKU__OFS_BROWSERTC,13209_ADDKAMC,17-Aug-21,21:24,,,TEJ
ET0010452,Tiksa Jima Branch,1-Jan-12,,AA,17,SOUTH FINFINE DISTRICT,ET0010452,56_HABBEKU__OFS_BROWSERTC,16090_FEYKIDK,17-Aug-21,21:24,,,TKJ
ET0010304,Torban Wale Branch,1-Jan-12,,OROMIA,17,SOUTH FINFINE DISTRICT,ET0010304,56_HABBEKU__OFS_BROWSERTC,13137_MELGIZY,17-Aug-21,21:25,,,TOR
ET0010055,Tulu Bolo Branch,1-Jan-12,,OROMIA,17,SOUTH FINFINE DISTRICT,ET0010055,56_HABBEKU__OFS_BROWSERTC,58417_INPUTTER,17-Aug-21,21:25,,,TLB
ET0010253,Tullu Ejersa Branch,20-Jun-17,,AA,17,SOUTH FINFINE DISTRICT,ET0010253,56_HABBEKU__OFS_BROWSERTC,33366_INPUTTER,17-Aug-21,21:25,,,TLU
ET0010021,Weliso Branch,1-Jan-12,,OROMIA,17,SOUTH FINFINE DISTRICT,ET0010021,56_HABBEKU__OFS_BROWSERTC,84250_INPUTTER,17-Aug-21,21:25,,,WLS
ET0010548,Guge Branch,1-Jan-12,,AA,17,SOUTH FINFINE DISTRICT,ET0010548,75422_FEYKIDK,21689_FEYKIDK,7-Dec-21,14:45,,,GUG
ET0010558,Gara Bolo Branch,1-Jan-12,,AA,17,SOUTH FINFINE DISTRICT,ET0010558,78842_FEYKIDK,57128_FEYKIDK,29-Dec-21,10:25,,,GBO
ET0010559,Itti Mako Branch,1-Jan-12,,AA,17,SOUTH FINFINE DISTRICT,ET0010559,57128_FEYKIDK,5310_FEYKIDK,29-Dec-21,9:43,,,ITM
ET0010569,Darraba Bido Branch,1-Jan-12,,AA,17,SOUTH FINFINE DISTRICT,ET0010569,76665_ZERENDK,15494_ZERENDK,7-Mar-22,15:51,,,DRB
ET0010596,Wato Branch,1-Jan-12,,OROMIA,17,SOUTH FINFINE DISTRICT,ET0010596,70396_FEYKIDK,28442_FEYKIDK,10-Jun-22,19:53,,,WTO
ET0010597,Ilanso Hallo Branch,1-Jan-12,,AA,17,SOUTH FINFINE DISTRICT,ET0010597,69130_ZERENDK,82471_ZERENDK,29-Jun-22,13:29,,,ILA
ET0010017,Robe Branch,1-Jan-12,,OROMIA,18,BALE DISTRICT,ET0010017,1035_GEMGADB__OFS_BROWSERTC,84250_INPUTTER,22-Jul-22,15:23,,,RBE
ET0010051,Ginnir Branch,1-Jan-12,,OROMIA,18,BALE DISTRICT,ET0010051,1301_GEMGADB__OFS_BROWSERTC,58417_INPUTTER,22-Jul-22,15:24,,,GNN
ET0010145,Goba Branch,1-Jan-12,,OROMIA,18,BALE DISTRICT,ET0010145,1128_GEMGADB__OFS_BROWSERTC,90787_INPUTTER,22-Jul-22,15:24,,,GBA
ET0010163,Gasara Branch,1-Jan-12,,OROMIA,18,BALE DISTRICT,ET0010163,1024_GEMGADB__OFS_BROWSERTC,62274_INPUTTER,22-Jul-22,15:24,,,GSR
ET0010197,Agarfa Branch,1-Jan-12,,OROMIA,18,BALE DISTRICT,ET0010197,1105_GEMGADB__OFS_BROWSERTC,25972_AUTHORISER,22-Jul-22,15:25,,,AGF
ET0010224,Dolo Mana Branch,1-Jan-12,,OROMIA,18,BALE DISTRICT,ET0010224,1178_GEMGADB__OFS_BROWSERTC,30520_AUTHORISER,22-Jul-22,15:25,,,DLM
ET0010227,Goro Branch,1-Jan-12,,OROMIA,18,BALE DISTRICT,ET0010227,1107_GEMGADB__OFS_BROWSERTC,52757_INPUTTER,22-Jul-22,15:25,,,GRO
ET0010228,Mada Walabu Branch,1-Jan-12,,OROMIA,18,BALE DISTRICT,ET0010228,1176_GEMGADB__OFS_BROWSERTC,52757_INPUTTER,22-Jul-22,15:26,,,MDW
ET0010232,Haro Dumal Branch,1-Jan-12,,OROMIA,18,BALE DISTRICT,ET0010232,1106_GEMGADB__OFS_BROWSERTC,52757_INPUTTER,22-Jul-22,15:26,,,HRD
ET0010233,Harana Buluq Branch,1-Jan-12,,OROMIA,18,BALE DISTRICT,ET0010233,1087_GEMGADB__OFS_BROWSERTC,52757_INPUTTER,22-Jul-22,15:26,,,HRB
ET0010286,Jarra Branch,1-Jan-12,,OROMIA,18,BALE DISTRICT,ET0010286,1081_GEMGADB__OFS_BROWSERTC,95882_DAMABDG,22-Jul-22,15:27,,,JAR
ET0010334,GeneralWakoGutu Branch,1-Jan-12,,OROMIA,18,BALE DISTRICT,ET0010334,1045_GEMGADB__OFS_BROWSERTC,30826_HABBEKU,22-Jul-22,15:27,,,GNW
ET0010335,Ali Branch,1-Jan-12,,OROMIA,18,BALE DISTRICT,ET0010335,1061_GEMGADB__OFS_BROWSERTC,30826_HABBEKU,22-Jul-22,15:27,,,ALI
ET0010337,Dolosebro Branch,1-Jan-12,,OROMIA,18,BALE DISTRICT,ET0010337,1050_GEMGADB__OFS_BROWSERTC,54366_WONYESB,22-Jul-22,15:27,,,DLS
ET0010368,Burka Walabu Branch,1-Jan-12,,OROMIA,18,BALE DISTRICT,ET0010368,1107_GEMGADB__OFS_BROWSERTC,46062_HABBEKU,22-Jul-22,15:28,,,BUW
ET0010427,Selam Branch,1-Jan-12,,OROMIA,18,BALE DISTRICT,ET0010427,1087_GEMGADB__OFS_BROWSERTC,9086_FEYKIDK,22-Jul-22,15:28,,,SEM
ET0010454,Sofomar Branch,1-Jan-12,,OROMIA,18,BALE DISTRICT,ET0010454,1133_GEMGADB__OFS_BROWSERTC,62896_HABBEKU,22-Jul-22,15:28,,,SFM
ET0010477,Sanate Branch,1-Jan-12,,OROMIA,18,BALE DISTRICT,ET0010477,1060_GEMGADB__OFS_BROWSERTC,24102_HABBEKU,22-Jul-22,15:28,,,SBT
ET0010511,Sinana Branch,1-Jan-12,,OROMIA,18,BALE DISTRICT,ET0010511,1107_GEMGADB__OFS_BROWSERTC,68916_HABBEKU,22-Jul-22,15:29,,,SIN
ET0010617,Dinsho Branch,1-Jan-12,,AA,18,BALE DISTRICT,ET0010617,74549_ZERENDK,7858_ZERENDK,13-Sep-22,11:11,,,DNS
ET0010001,Head Office,1-Jan-12,,AA,,HEAD OFFICE,ET0010001,2012_METYIMS__OFS_BROWSERTC,,7-Feb-22,15:15,,,BNK
ET0010473,Digital Banking,1-Jan-12,,AA,,,ET0010473,54541_FEYKIDK,54541_FEYKIDK,30-Jun-21,15:24,,,DGB
ET0010998,Trade Service Process,1-Jan-12,,AA,,TRADE SERVICE PROCESS,ET0010998,7960_INPUTTER,52757_INPUTTER,9-Apr-17,21:56,,,TSP
ET0010026,Kersa Arsi Branch,1-Jan-12,,OROMIA,13,ASELLA DISTRICT,ET0010026,40091_ZERENDK__OFS_BROWSERTC,84250_INPUTTER,17-Aug-21,20:19,,,KRA
ET0010524,Ego Branch,1-Jan-12,,OROMIA,13,ASELLA DISTRICT,ET0010524,20440_HABBEKU__OFS_BROWSERTC,41837_HABBEKU,13-Dec-21,14:40,,,EGO
ET0010522,Tijo Branch,1-Jan-12,,OROMIA,13,ASELLA DISTRICT,ET0010522,20500_HABBEKU__OFS_BROWSERTC,21422_HABBEKU,13-Dec-21,14:39,,,TIG
ET0010027,Bokoji Branch,1-Jan-12,,OROMIA,13,ASELLA DISTRICT,ET0010027,40091_ZERENDK__OFS_BROWSERTC,34229_INPUTTER,17-Aug-21,20:19,,,BKJ
ET0010028,Eteya Branch,1-Jan-12,,OROMIA,13,ASELLA DISTRICT,ET0010028,40091_ZERENDK__OFS_BROWSERTC,34229_INPUTTER,17-Aug-21,20:19,,,ETY
ET0010059,Robe Dedea Branch,1-Jan-12,,OROMIA,13,ASELLA DISTRICT,ET0010059,40091_ZERENDK__OFS_BROWSERTC,8569_INPUTTER,17-Aug-21,20:19,,,RBD
ET0010062,Abomsa Branch,1-Jan-12,,OROMIA,13,ASELLA DISTRICT,ET0010062,40091_ZERENDK__OFS_BROWSERTC,8569_INPUTTER,17-Aug-21,20:20,,,ABO
ET0010065,Shirka Branch,1-Jan-12,,OROMIA,13,ASELLA DISTRICT,ET0010065,40091_ZERENDK__OFS_BROWSERTC,8569_INPUTTER,17-Aug-21,20:20,,,SHI
ET0010103,Huruta Branch,1-Jan-12,,OROMIA,13,ASELLA DISTRICT,ET0010103,40091_ZERENDK__OFS_BROWSERTC,21263_INPUTTER,17-Aug-21,20:20,,,HRT
ET0010122,Chole Branch,1-Jan-12,,OROMIA,13,ASELLA DISTRICT,ET0010122,40095_ZERENDK__OFS_BROWSERTC,90787_INPUTTER,17-Aug-21,20:20,,,CHO
ET0010124,Arboye Branch,1-Jan-12,,OROMIA,13,ASELLA DISTRICT,ET0010124,40095_ZERENDK__OFS_BROWSERTC,90787_INPUTTER,17-Aug-21,20:21,,,ARB
ET0010127,Sire Arsi Branch,1-Jan-12,,OROMIA,13,ASELLA DISTRICT,ET0010127,40095_ZERENDK__OFS_BROWSERTC,90787_INPUTTER,17-Aug-21,20:21,,,SRE
ET0010130,Addele Branch,1-Jan-12,,OROMIA,13,ASELLA DISTRICT,ET0010130,40091_ZERENDK__OFS_BROWSERTC,90787_INPUTTER,17-Aug-21,20:21,,,ADD
ET0010131,Diksis Branch,1-Jan-12,,OROMIA,13,ASELLA DISTRICT,ET0010131,40091_ZERENDK__OFS_BROWSERTC,90787_INPUTTER,17-Aug-21,20:21,,,DKS
ET0010134,Sagure Branch,1-Jan-12,,OROMIA,13,ASELLA DISTRICT,ET0010134,40091_ZERENDK__OFS_BROWSERTC,90787_INPUTTER,17-Aug-21,20:21,,,SGR
ET0010135,Habe Branch,1-Jan-12,,OROMIA,13,ASELLA DISTRICT,ET0010135,40091_ZERENDK__OFS_BROWSERTC,90787_INPUTTER,17-Aug-21,20:22,,,HBE
ET0010172,Siltana Branch,1-Jan-12,,OROMIA,13,ASELLA DISTRICT,ET0010172,40091_ZERENDK__OFS_BROWSERTC,25972_AUTHORISER,17-Aug-21,20:22,,,SLT
ET0010190,Dodota Branch,1-Jan-12,,OROMIA,13,ASELLA DISTRICT,ET0010190,40091_ZERENDK__OFS_BROWSERTC,25972_AUTHORISER,17-Aug-21,20:22,,,DDT
ET0010226,Xicho Branch,1-Jan-12,,OROMIA,13,ASELLA DISTRICT,ET0010226,40091_ZERENDK__OFS_BROWSERTC,52757_INPUTTER,17-Aug-21,20:22,,,XCH
ET0010234,Kula Branch,1-Jan-12,,OROMIA,13,ASELLA DISTRICT,ET0010234,40091_ZERENDK__OFS_BROWSERTC,52757_INPUTTER,17-Aug-21,20:22,,,KLA
ET0010250,Negelle Arba Gugu Br,1-Jan-12,,OROMIA,13,ASELLA DISTRICT,ET0010250,40091_ZERENDK__OFS_BROWSERTC,52757_INPUTTER,17-Aug-21,20:23,,,NAG
ET0010251,Gololcha Branch,1-Jan-12,,OROMIA,13,ASELLA DISTRICT,ET0010251,40091_ZERENDK__OFS_BROWSERTC,52757_INPUTTER,17-Aug-21,20:23,,,GLO
ET0010254,Chilalo Branch,20-Jun-17,,OROMIA,13,ASELLA DISTRICT,ET0010254,40091_ZERENDK__OFS_BROWSERTC,58318_MIG03,17-Aug-21,20:23,,,CLO
ET0010260,Bale Gesgar Branch,29-Aug-17,,OROMIA,13,ASELLA DISTRICT,ET0010260,40091_ZERENDK__OFS_BROWSERTC,14304_NEGAKUA,17-Aug-21,20:23,,,BLG
ET0010324,Abba Jama Branch,1-Jan-12,,OROMIA,13,ASELLA DISTRICT,ET0010324,40091_ZERENDK__OFS_BROWSERTC,32933_TSENIRM,17-Aug-21,20:23,,,ABB
ET0010325,Boru Jawi Branch,1-Jan-12,,OROMIA,13,ASELLA DISTRICT,ET0010325,40091_ZERENDK__OFS_BROWSERTC,65657_WONYESB,17-Aug-21,20:24,,,BRJ
ET0010366,Anole Micro Branch,1-Jan-12,,OROMIA,13,ASELLA DISTRICT,ET0010366,40091_ZERENDK__OFS_BROWSERTC,59718_REGALEC,17-Aug-21,20:24,,,ANO
ET0010367,Meraro Branch,1-Jan-12,,OROMIA,13,ASELLA DISTRICT,ET0010367,40091_ZERENDK__OFS_BROWSERTC,59718_REGALEC,17-Aug-21,20:24,,,MRR
ET0010371,Ogolcho Branch,1-Jan-12,,OROMIA,13,ASELLA DISTRICT,ET0010371,40091_ZERENDK__OFS_BROWSERTC,43717_REGALEC,17-Aug-21,20:24,,,OGO
ET0010436,Salahadin AliAyub,1-Jan-12,,OROMIA,13,ASELLA DISTRICT,ET0010436,40091_ZERENDK__OFS_BROWSERTC,56060_FEYKIDK,17-Aug-21,20:24,,,SAL
ET0010521,Digalu Branch,1-Jan-12,,OROMIA,13,ASELLA DISTRICT,ET0010521,99611_FEYKIDK,68521_FEYKIDK,13-Oct-21,15:35,,,DIG
ET0010585,Tiyo Branch,1-Jan-12,,AA,13,ASELLA DISTRICT,ET0010585,29185_ZERENDK,6890_ZERENDK,16-May-22,17:57,,,TYO
ET0010610,Badr Branch,1-Jan-12,,AA,13,ASELLA DISTRICT,ET0010610,14379_GEMGADB,2468_GEMGADB,20-Sep-22,15:58,,,BDR
ET0010037,Chiro Branch,1-Jan-12,,OROMIA,14,CHIRO DISTRICT,ET0010037,40091_ZERENDK__OFS_BROWSERTC,54712_INPUTTER,17-Aug-21,20:25,,,CHI
ET0010034,Bedessa Branch,1-Jan-12,,OROMIA,14,CHIRO DISTRICT,ET0010034,40091_ZERENDK__OFS_BROWSERTC,54712_INPUTTER,17-Aug-21,20:25,,,BDS
ET0010556,Tullo Branch,1-Jan-12,,OROMIA,14,CHIRO DISTRICT,ET0010556,1361_HABBEKU__OFS_BROWSERTC,9134_HABBEKU,22-Dec-21,16:11,,,TLL
ET0010546,Furkan Branch,1-Jan-12,,HARARI,14,CHIRO DISTRICT,ET0010546,40862_HABBEKU__OFS_BROWSERTC,77386_HABBEKU,13-Dec-21,14:46,,,FUR
ET0010536,AlBukhari Branch,1-Jan-12,,HARARI,14,CHIRO DISTRICT,ET0010536,40831_HABBEKU__OFS_BROWSERTC,32972_HABBEKU,13-Dec-21,14:45,,,ALB
ET0010519,Oda Bultum Branch,1-Jan-12,,HARARI,14,CHIRO DISTRICT,ET0010519,40861_HABBEKU__OFS_BROWSERTC,26882_HABBEKU,13-Dec-21,14:45,,,ODM
ET0010533,Kamona Branch,1-Jan-12,,HARARI,14,CHIRO DISTRICT,ET0010533,40857_HABBEKU__OFS_BROWSERTC,37726_HABBEKU,13-Dec-21,14:45,,,KMN
ET0010534,Dhumuga Branch,1-Jan-12,,HARARI,14,CHIRO DISTRICT,ET0010534,40861_HABBEKU__OFS_BROWSERTC,13563_HABBEKU,13-Dec-21,14:45,,,DHU
ET0010535,Milqaye Branch,1-Jan-12,,HARARI,14,CHIRO DISTRICT,ET0010535,40858_HABBEKU__OFS_BROWSERTC,6112_HABBEKU,13-Dec-21,14:44,,,MLQ
ET0010520,Garu Hira Branch,1-Jan-12,,HARARI,14,CHIRO DISTRICT,ET0010520,40780_HABBEKU__OFS_BROWSERTC,70071_HABBEKU,13-Dec-21,14:43,,,GRH
ET0010068,Gelemso Branch,1-Jan-12,,OROMIA,14,CHIRO DISTRICT,ET0010068,40091_ZERENDK__OFS_BROWSERTC,8569_INPUTTER,17-Aug-21,20:26,,,GLM
ET0010084,Hirna Branch,1-Jan-12,,OROMIA,14,CHIRO DISTRICT,ET0010084,40091_ZERENDK__OFS_BROWSERTC,88908_INPUTTER,17-Aug-21,20:26,,,HRN
ET0010085,Deder Branch,1-Jan-12,,OROMIA,14,CHIRO DISTRICT,ET0010085,40091_ZERENDK__OFS_BROWSERTC,88908_INPUTTER,17-Aug-21,20:26,,,DDR
ET0010182,Melka Ballo Branch,1-Jan-12,,OROMIA,14,CHIRO DISTRICT,ET0010182,40091_ZERENDK__OFS_BROWSERTC,25972_AUTHORISER,17-Aug-21,20:26,,,MLK
ET0010244,Boke Xiqo Branch,1-Jan-12,,OROMIA,14,CHIRO DISTRICT,ET0010244,40091_ZERENDK__OFS_BROWSERTC,52757_INPUTTER,17-Aug-21,20:26,,,BOK
ET0010268,Baroda Branch,1-Jan-12,,OROMIA,14,CHIRO DISTRICT,ET0010268,40091_ZERENDK__OFS_BROWSERTC,10096_TSENIRM,17-Aug-21,20:26,,,BAR
ET0010281,Karamile Branch,1-Jan-12,,OROMIA,14,CHIRO DISTRICT,ET0010281,40091_ZERENDK__OFS_BROWSERTC,16287_TSENIRM,17-Aug-21,20:27,,,KMI
ET0010294,Mechara Branch,1-Jan-12,,OROMIA,14,CHIRO DISTRICT,ET0010294,40091_ZERENDK__OFS_BROWSERTC,79285_FEYKIDK,17-Aug-21,20:27,,,MEC
ET0010296,Shenen Dhugo Branch,1-Jan-12,,OROMIA,14,CHIRO DISTRICT,ET0010296,40095_ZERENDK__OFS_BROWSERTC,34051_TSENIRM,17-Aug-21,20:27,,,SHD
ET0010203,Warqa Branch,1-Jan-12,,OROMIA,8,SHASHEMENE DISTRICT,ET0010203,20937_MUBSHER__OFS_BROWSERTC,72225_INPUTTER,28-Oct-18,17:03,,,WRQ
ET0010229,Harufa Branch,1-Jan-12,,OROMIA,8,SHASHEMENE DISTRICT,ET0010229,21159_MUBSHER__OFS_BROWSERTC,52757_INPUTTER,28-Oct-18,17:33,,,HRF
ET0010231,Qore Branch,1-Jan-12,,OROMIA,8,SHASHEMENE DISTRICT,ET0010231,21159_MUBSHER__OFS_BROWSERTC,52757_INPUTTER,28-Oct-18,17:36,,,QRE
ET0010265,Ajje Branch,12-Sep-17,,OROMIA,8,SHASHEMENE DISTRICT,ET0010265,10049_TEMESGENTAL__OFS_BROWSERTC,86273_ADDKAMC,5-Oct-17,9:27,,,AJJ
ET0010279,Bulbula Branch,4-Nov-17,,OROMIA,8,SHASHEMENE DISTRICT,ET0010279,56_ZERENDK__OFS_BROWSERTC,73430_ASKKASA,17-Aug-21,20:55,,,BUL
ET0010287,Kokosa Branch,1-Jan-12,,OROMIA,8,SHASHEMENE DISTRICT,ET0010287,10068_TSENIRM__OFS_BROWSERTC,58389_TSENIRM,5-Dec-17,2:18,,,KOK
ET0010288,Heban Arsi Branch,16-Dec-17,,OROMIA,8,SHASHEMENE DISTRICT,ET0010288,10039_ASKKASA__OFS_BROWSERTC,55773_NEGAKUA,17-Dec-17,2:56,,,HEB
ET0010332,Kuyera Branch,17-Oct-18,,OROMIA,8,SHASHEMENE DISTRICT,ET0010332,20001_NEGAKUA__OFS_BROWSERTC,8559_NEGAKUA,18-Oct-18,1:29,,,KYR
ET0010346,Oda Bilbila Branch,1-Jan-12,,OROMIA,8,SHASHEMENE DISTRICT,ET0010346,82165_ADDKAMC,3287_ADDKAMC,17-Nov-18,9:29,,,OBI
ET0010347,Bishan Guracha Branch,1-Jan-12,,OROMIA,8,SHASHEMENE DISTRICT,ET0010347,30148_FEYKIDK__OFS_BROWSERTC,96185_FEYKIDK,17-Nov-18,1:58,,,BIG
ET0010416,Hamza Mesgid Branch,1-Jan-12,,OROMIA,8,SHASHEMENE DISTRICT,ET0010416,24455_FEYKIDK__OFS_BROWSERTC,38431_FEYKIDK,21-Dec-19,10:54,,,HME
ET0010426,Iman Branch,1-Jan-12,,OROMIA,8,SHASHEMENE DISTRICT,ET0010426,40825_HABBEKU__OFS_BROWSERTC,564_HABBEKU,13-Dec-21,14:57,,,IMN
ET0010476,Nagele Hasasa Branch,1-Jan-12,,OROMIA,8,SHASHEMENE DISTRICT,ET0010476,40825_HABBEKU__OFS_BROWSERTC,66571_HABBEKU,13-Dec-21,14:57,,,NGH
ET0010547,Amal Branch,1-Jan-12,,AA,8,SHASHEMENE DISTRICT,ET0010547,69996_ZERENDK,38730_ZERENDK,19-Mar-22,19:01,,,AML
ET0010574,Fejir Branch,1-Jan-12,,Oromia,8,SHASHEMENE DISTRICT,ET0010574,21427_FEYKIDK,49746_FEYKIDK,21-Mar-22,12:07,,,FEJ
ET0010612,Heraro Branch,1-Jan-12,,AA,8,SHASHEMENE DISTRICT,ET0010612,21661_ZERENDK,3520_ZERENDK,16-Sep-22,15:04,,,HER
ET0010614,Meja Demma Branch,1-Jan-12,,AA,8,SHASHEMENE DISTRICT,ET0010614,17742_GEMGADB,61832_GEMGADB,16-Sep-22,15:16,,,MDM
ET0010613,Birbirsa Qaraxa Branch,1-Jan-12,,AA,8,SHASHEMENE DISTRICT,ET0010613,16482_ZERENDK,54363_ZERENDK,16-Sep-22,15:24,,,BQR
ET0010615,Melka Oda Branch,1-Jan-12,,AA,8,SHASHEMENE DISTRICT,ET0010615,62033_GEMGADB,52619_GEMGADB,16-Sep-22,15:57,,,MKO
ET0010616,Dida Boqe Branch,1-Jan-12,,AA,8,SHASHEMENE DISTRICT,ET0010616,84265_GEMGADB,39779_GEMGADB,16-Sep-22,16:20,,,DDB
ET0010009,Ambo Branch,1-Jan-12,,OROMIA,9,WESTERN FINFINE DISTRICT,ET0010009,20041_MUBSHER__OFS_BROWSERTC,22353_INPUTTER,18-Oct-18,17:58,,,AMB
ET0010011,Burayu Branch,1-Jan-12,,OROMIA,9,WESTERN FINFINE DISTRICT,ET0010011,20821_MUBSHER__OFS_BROWSERTC,94152_INPUTTER,27-Oct-18,10:17,,,BRY
ET0010542,Kusaye Branch,1-Jan-12,,AA,9,WESTERN FINFINE DISTRICT,ET0010542,60667_HABBEKU__OFS_BROWSERTC,78490_HABBEKU,6-Dec-21,16:03,,,KUS
ET0010543,Axale Jatani Branch,1-Jan-12,,AA,9,WESTERN FINFINE DISTRICT,ET0010543,60646_HABBEKU__OFS_BROWSERTC,45010_HABBEKU,6-Dec-21,16:03,,,AXJ
ET0010528,Nejashi Branch,1-Jan-12,,AA,9,WESTERN FINFINE DISTRICT,ET0010528,46902_HABBEKU,46902_HABBEKU,20-Nov-21,11:00,,,NJS
ET0010036,Kolfe Branch,1-Jan-12,,AA,9,WESTERN FINFINE DISTRICT,ET0010036,56_HABBEKU__OFS_BROWSERTC,54712_INPUTTER,17-Aug-21,21:15,,,KLF
ET0010042,Gefersa Branch,1-Jan-12,,OROMIA,9,WESTERN FINFINE DISTRICT,ET0010042,20834_MUBSHER__OFS_BROWSERTC,54712_INPUTTER,27-Oct-18,12:01,,,GFR
ET0010044,Holeta Branch,1-Jan-12,,OROMIA,9,WESTERN FINFINE DISTRICT,ET0010044,20821_MUBSHER__OFS_BROWSERTC,54712_INPUTTER,27-Oct-18,12:05,,,HLT
ET0010058,Gedo Branch,1-Jan-12,,OROMIA,9,WESTERN FINFINE DISTRICT,ET0010058,20885_MUBSHER__OFS_BROWSERTC,8569_INPUTTER,27-Oct-18,17:51,,,GDO
ET0010078,Ginchi Branch,1-Jan-12,,OROMIA,9,WESTERN FINFINE DISTRICT,ET0010078,21159_MUBSHER__OFS_BROWSERTC,88908_INPUTTER,28-Oct-18,10:16,,,GNC
ET0010088,Bethel Branch,1-Jan-12,,AA,9,WESTERN FINFINE DISTRICT,ET0010088,21003_MUBSHER__OFS_BROWSERTC,88908_INPUTTER,28-Oct-18,10:31,,,BTH
ET0010091,Guder Branch,1-Jan-12,,OROMIA,9,WESTERN FINFINE DISTRICT,ET0010091,20900_MUBSHER__OFS_BROWSERTC,88908_INPUTTER,28-Oct-18,10:36,,,GDR
ET0010097,Ayer Tena Branch,1-Jan-12,,AA,9,WESTERN FINFINE DISTRICT,ET0010097,21003_MUBSHER__OFS_BROWSERTC,88908_INPUTTER,28-Oct-18,10:43,,,AYT
ET0010128,Asko Branch,1-Jan-12,,AA,9,WESTERN FINFINE DISTRICT,ET0010128,20937_MUBSHER__OFS_BROWSERTC,90787_INPUTTER,28-Oct-18,12:03,,,ASK
ET0010144,Dire Hinchini Branch,1-Jan-12,,OROMIA,9,WESTERN FINFINE DISTRICT,ET0010144,21003_MUBSHER__OFS_BROWSERTC,90787_INPUTTER,28-Oct-18,15:54,,,DRH
ET0010152,Bako Tibe Branch,1-Jan-12,,OROMIA,9,WESTERN FINFINE DISTRICT,ET0010152,56_HABBEKU__OFS_BROWSERTC,90787_INPUTTER,17-Aug-21,21:15,,,BKT
ET0010165,Mogor Branch,1-Jan-12,,OROMIA,9,WESTERN FINFINE DISTRICT,ET0010165,21259_MUBSHER__OFS_BROWSERTC,25972_AUTHORISER,28-Oct-18,16:18,,,MGR
ET0010181,Guje Branch,1-Jan-12,,OROMIA,9,WESTERN FINFINE DISTRICT,ET0010181,21259_MUBSHER__OFS_BROWSERTC,25972_AUTHORISER,28-Oct-18,16:36,,,GJE
ET0010187,Ejere Branch,1-Jan-12,,OROMIA,9,WESTERN FINFINE DISTRICT,ET0010187,21003_MUBSHER__OFS_BROWSERTC,25972_AUTHORISER,28-Oct-18,16:41,,,EJR
ET0010195,Midakegni Branch,1-Jan-12,,OROMIA,9,WESTERN FINFINE DISTRICT,ET0010195,20937_MUBSHER__OFS_BROWSERTC,25972_AUTHORISER,28-Oct-18,16:53,,,MDK
ET0010216,Meta Walkite Branch,1-Jan-12,,OROMIA,9,WESTERN FINFINE DISTRICT,ET0010216,20937_MUBSHER__OFS_BROWSERTC,4777_INPUTTER,28-Oct-18,17:20,,,MTW
ET0010220,Ilu Gelan Branch,1-Jan-12,,OROMIA,9,WESTERN FINFINE DISTRICT,ET0010220,20937_MUBSHER__OFS_BROWSERTC,4777_INPUTTER,28-Oct-18,17:25,,,ILG
ET0010241,Ada Barga Branch,1-Jan-12,,OROMIA,9,WESTERN FINFINE DISTRICT,ET0010241,21159_MUBSHER__OFS_BROWSERTC,52757_INPUTTER,28-Oct-18,17:48,,,ADB
ET0010262,Abuna Branch,1-Jan-12,,OROMIA,9,WESTERN FINFINE DISTRICT,ET0010262,10078_TEMESGENTAL__OFS_BROWSERTC,8096_TEMESGENTAL,5-Oct-17,9:26,,,ABG
ET0010263,Jaldu Branch,18-Sep-17,,OROMIA,9,WESTERN FINFINE DISTRICT,ET0010263,10078_TEMESGENTAL__OFS_BROWSERTC,32844_FEYKIDK,5-Oct-17,9:26,,,JLD
ET0010291,Kombe Branch,14-Dec-17,,AA,9,WESTERN FINFINE DISTRICT,ET0010291,8893_DONABEH__OFS_BROWSERTC,75779_NEGAKUA,2-Nov-20,15:42,,,KBE
ET0010301,Olonkomi Branch,1-Jan-12,,OROMIA,9,WESTERN FINFINE DISTRICT,ET0010301,43930_TSENIRM,43930_TSENIRM,4-Jul-18,21:29,,,OLO
ET0010303,Kutaye Branch,1-Jan-12,,OROMIA,9,WESTERN FINFINE DISTRICT,ET0010303,81010_ASKKASA__OFS_GCS,15391_ASKKASA,6-Jul-18,0:31,,,KTY
ET0010307,Odo Liben Branch,1-Jan-12,,OROMIA,9,WESTERN FINFINE DISTRICT,ET0010307,10024_ASKKASA__OFS_BROWSERTC,64261_ASKKASA,7-Jul-18,0:11,,,ODL
ET0010308,Melka Gefersa Branch,1-Jan-12,,OROMIA,9,WESTERN FINFINE DISTRICT,ET0010308,70588_CTSUSER__OFS_BROWSERTC,64261_ASKKASA,30-Nov-18,0:22,,,MLG
ET0010312,Gafarsa Nono,1-Jan-12,,OROMIA,9,WESTERN FINFINE DISTRICT,ET0010312,10717_REGALEC__OFS_GCS,98980_REGALEC,8-Sep-18,20:55,,,GFN
ET0010320,Liban Jawi Branch,1-Jan-12,,OROMIA,9,WESTERN FINFINE DISTRICT,ET0010320,10735_FEYKIDK__OFS_GCS,36488_FEYKIDK,13-Sep-18,2:27,,,LBJ
ET0010322,Karra Qore Branch,1-Jan-12,,AA,9,WESTERN FINFINE DISTRICT,ET0010322,48296_WONYESB,25332_WONYESB,11-Sep-18,23:43,,,KRR
ET0010327,Oda Bisil Branch,1-Jan-12,,OROMIA,9,WESTERN FINFINE DISTRICT,ET0010327,81036_TSENIRM__OFS_GCS,32933_TSENIRM,15-Sep-18,1:53,,,ODB
ET0010328,Dire Sololiya,1-Jan-12,,OROMIA,9,WESTERN FINFINE DISTRICT,ET0010328,81069_NEGAKUA__OFS_BROWSERTC,12009_WONYESB,26-Sep-18,11:14,,,DSL
ET0010333,Qajela Doyo Branch,1-Jan-12,,OROMIA,9,WESTERN FINFINE DISTRICT,ET0010333,42618_DONABEH__OFS_BROWSERTC,87043_REGALEC,2-Oct-20,9:12,,,QAD
ET0010362,Makkat AlMukkarama,1-Jan-12,,AA,9,WESTERN FINFINE DISTRICT,ET0010362,56_HABBEKU__OFS_BROWSERTC,9818_FEYKIDK,17-Aug-21,21:16,,,MAK
ET0010376,Wadessa Branch,1-Jan-12,,OROMIA,9,WESTERN FINFINE DISTRICT,ET0010376,28154_REGALEC__OFS_BROWSERTC,46062_HABBEKU,19-May-20,11:32,,,WAM
ET0010384,Boku Migra Bake Branch,22-Jan-19,,OROMIA,9,WESTERN FINFINE DISTRICT,ET0010384,160067_ADDKAMC__OFS_BROWSERTC,22058_ADDKAMC,23-Jan-19,1:14,,,BKM
ET0010385,Goro Qerensa Branch,1-Jan-12,,OROMIA,9,WESTERN FINFINE DISTRICT,ET0010385,70661_TSENIRM__OFS_BROWSERTC,51505_TSENIRM,24-Jan-19,1:34,,,GRQ
ET0010413,Ansar Branch,17-Dec-19,,AA,9,WESTERN FINFINE DISTRICT,ET0010413,24115_ADDKAMC__OFS_BROWSERTC,58026_ADDKAMC,17-Dec-19,19:47,,,ANS
ET0010433,Jagema Bedhane Branch,1-Jan-12,,AA,9,WESTERN FINFINE DISTRICT,ET0010433,8841_FEYKIDK__OFS_BROWSERTC,24524_FEYKIDK,12-Nov-20,14:50,,,JGB
ET0010434,TEQWA BRANCH,1-Jan-12,,AA,9,WESTERN FINFINE DISTRICT,ET0010434,40259_HABBEKU__OFS_BROWSERTC,84732_HABBEKU,22-Jan-21,16:42,,,TQW
ET0010453,Qale Branch,1-Jan-12,,AA,9,WESTERN FINFINE DISTRICT,ET0010453,2093_FEYKIDK__OFS_BROWSERTC,3669_FEYKIDK,10-Feb-22,17:09,,,QLE
ET0010461,Jibat Branch,1-Jan-12,,OROMIA,9,WESTERN FINFINE DISTRICT,ET0010461,20091_REGALEC__OFS_BROWSERTC,67655_FEYKIDK,29-Apr-21,10:04,,,JBT
ET0010472,Irbu Branch,1-Jan-12,,AA,9,WESTERN FINFINE DISTRICT,ET0010472,7019_FEYKIDK,29216_FEYKIDK,30-Jun-21,10:28,,,IRB
ET0010499,Katta Branch,1-Jan-12,,AA,9,WESTERN FINFINE DISTRICT,ET0010499,52107_FEYKIDK,900_FEYKIDK,20-Sep-21,14:39,,,KET
ET0010567,Hayyu Branch,1-Jan-12,,AA,9,WESTERN FINFINE DISTRICT,ET0010567,48985_FEYKIDK,29546_FEYKIDK,4-Apr-22,10:20,,,HYU
ET0010571,Kolobo Branch,1-Jan-12,,AA,9,WESTERN FINFINE DISTRICT,ET0010571,1371_ZERENDK,43405_ZERENDK,4-Apr-22,10:31,,,KLB
ET0010565,Boke Branch,1-Jan-12,,AA,9,WESTERN FINFINE DISTRICT,ET0010565,73540_ZERENDK,53316_ZERENDK,4-Apr-22,11:44,,,BKB
ET0010568,Lega Saqo Branch,1-Jan-12,,AA,9,WESTERN FINFINE DISTRICT,ET0010568,42027_ZERENDK,80537_ZERENDK,6-Apr-22,18:42,,,LGS
ET0010033,Shenen Gibe Branch,1-Jan-12,,OROMIA,10,JIMMA DISTRICT,ET0010033,81107_NEGAKUA__OFS_BROWSERTC,54712_INPUTTER,4-Sep-18,15:58,,,SHG
ET0010014,Seglen Ilu Branch,1-Jan-12,,OROMIA,10,JIMMA DISTRICT,ET0010014,20755_MUBSHER__OFS_BROWSERTC,82453_INPUTTER,27-Oct-18,10:31,,,SGI
ET0010516,AlRahma Branch,1-Jan-12,,OROMIA,10,JIMMA DISTRICT,ET0010516,91737_HABBEKU__OFS_BROWSERTC,40268_HABBEKU,31-Dec-21,17:43,,,ALR
ET0010503,Hurumu Branch,1-Jan-12,,OROMIA,10,JIMMA DISTRICT,ET0010503,40563_HABBEKU__OFS_BROWSERTC,45664_HABBEKU,13-Dec-21,14:54,,,HRU
ET0010504,Bonga Branch,1-Jan-12,,South West Ethiopia,10,JIMMA DISTRICT,ET0010504,644_ZERENDK__OFS_BROWSERTC,58433_HABBEKU,25-Jan-22,15:41,,,BNG
ET0010502,Bure Ilu Branch,1-Jan-12,,OROMIA,10,JIMMA DISTRICT,ET0010502,40563_HABBEKU__OFS_BROWSERTC,43827_HABBEKU,13-Dec-21,14:54,,,BRL
ET0010500,Seka Chokorsa Branch,1-Jan-12,,OROMIA,10,JIMMA DISTRICT,ET0010500,40476_HABBEKU__OFS_BROWSERTC,41744_HABBEKU,13-Dec-21,14:55,,,SKC
ET0010471,Sedecha Branch,1-Jan-12,,OROMIA,10,JIMMA DISTRICT,ET0010471,40345_HABBEKU__OFS_BROWSERTC,5540_HABBEKU,13-Dec-21,14:55,,,SDC
ET0010470,Melka Debana Branch,1-Jan-12,,OROMIA,10,JIMMA DISTRICT,ET0010470,40618_HABBEKU__OFS_BROWSERTC,37645_HABBEKU,13-Dec-21,14:56,,,MLD
ET0010480,Newland Micro Branch,1-Jan-12,,GAMBELA,10,JIMMA DISTRICT,ET0010480,40844_HABBEKU__OFS_BROWSERTC,15052_HABBEKU,13-Dec-21,14:55,,,NWL
ET0010479,Sor Micro Branch,1-Jan-12,,OROMIA,10,JIMMA DISTRICT,ET0010479,40841_HABBEKU__OFS_BROWSERTC,36014_HABBEKU,13-Dec-21,14:56,,,SOR
ET0010109,Limu Genet Branch,1-Jan-12,,OROMIA,10,JIMMA DISTRICT,ET0010109,81066_NEGAKUA__OFS_BROWSERTC,90787_INPUTTER,4-Sep-18,15:59,,,LMG
ET0010114,Bedelle Branch,1-Jan-12,,OROMIA,10,JIMMA DISTRICT,ET0010114,21159_MUBSHER__OFS_BROWSERTC,90787_INPUTTER,28-Oct-18,11:21,,,BDL
ET0010116,Agaro Branch,1-Jan-12,,OROMIA,10,JIMMA DISTRICT,ET0010116,21003_MUBSHER__OFS_BROWSERTC,90787_INPUTTER,28-Oct-18,11:40,,,AGR
ET0010139,Yayyo Branch,1-Jan-12,,OROMIA,10,JIMMA DISTRICT,ET0010139,21003_MUBSHER__OFS_BROWSERTC,90787_INPUTTER,28-Oct-18,15:47,,,YYO
ET0010141,Gambella Branch,1-Jan-12,,GAMBELA,10,JIMMA DISTRICT,ET0010141,21259_MUBSHER__OFS_BROWSERTC,90787_INPUTTER,28-Oct-18,15:50,,,GMB
ET0010153,Mizan Aman Branch,1-Jan-12,,South West Ethiopia,10,JIMMA DISTRICT,ET0010153,2028_ZERENDK__OFS_BROWSERTC,90787_INPUTTER,25-Jan-22,15:42,,,MZA
ET0010159,Tepi Branch,1-Jan-12,,South West Ethiopia,10,JIMMA DISTRICT,ET0010159,1959_ZERENDK__OFS_BROWSERTC,62274_INPUTTER,25-Jan-22,15:42,,,TPI
ET0010160,Chora Branch,1-Jan-12,,OROMIA,10,JIMMA DISTRICT,ET0010160,42576_DONABEH__OFS_BROWSERTC,62274_INPUTTER,2-Oct-20,9:10,,,COR
ET0010198,Darimu Branch,1-Jan-12,,OROMIA,10,JIMMA DISTRICT,ET0010198,20937_MUBSHER__OFS_BROWSERTC,25972_AUTHORISER,28-Oct-18,16:56,,,DRM
ET0010199,Asandabo Branch,1-Jan-12,,OROMIA,10,JIMMA DISTRICT,ET0010199,21159_MUBSHER__OFS_BROWSERTC,25972_AUTHORISER,28-Oct-18,16:58,,,ASN
ET0010212,Dambi Branch,1-Jan-12,,OROMIA,10,JIMMA DISTRICT,ET0010212,21003_MUBSHER__OFS_BROWSERTC,72225_INPUTTER,28-Oct-18,17:14,,,DMB
ET0010213,Jiren Branch,1-Jan-12,,OROMIA,10,JIMMA DISTRICT,ET0010213,21003_MUBSHER__OFS_BROWSERTC,72225_INPUTTER,28-Oct-18,17:17,,,JRN
ET0010237,Alge Sachi Branch,1-Jan-12,,OROMIA,10,JIMMA DISTRICT,ET0010237,21159_MUBSHER__OFS_BROWSERTC,52757_INPUTTER,28-Oct-18,17:44,,,ALS
ET0010252,Gera Branch,20-Jun-17,,OROMIA,10,JIMMA DISTRICT,ET0010252,21159_MUBSHER__OFS_BROWSERTC,33366_INPUTTER,28-Oct-18,18:07,,,GRA
ET0010256,Limu Seqqa Branch,20-Jun-17,,OROMIA,10,JIMMA DISTRICT,ET0010256,21003_MUBSHER__OFS_BROWSERTC,36978_MIG03,28-Oct-18,18:10,,,LMS
ET0010275,Gore Branch,1-Jan-12,,OROMIA,10,JIMMA DISTRICT,ET0010275,81068_NEGAKUA__OFS_BROWSERTC,91595_FEYKIDK,4-Sep-18,16:05,,,GOR
ET0010313,Aba Jifar Branch,1-Jan-12,,OROMIA,10,JIMMA DISTRICT,ET0010313,81071_NEGAKUA__OFS_BROWSERTC,2420_REGALEC,4-Sep-18,16:05,,,ABJ
ET0010314,Mettu Branch,1-Jan-12,,OROMIA,10,JIMMA DISTRICT,ET0010314,81065_NEGAKUA__OFS_BROWSERTC,12844_TCSP,4-Sep-18,16:06,,,MTU
ET0010342,Hirmata Branch,1-Jan-12,,OROMIA,10,JIMMA DISTRICT,ET0010342,10200_TSENIRM__OFS_BROWSERTC,69508_TSENIRM,15-Nov-18,1:59,,,HIR
ET0010356,Shabe Branch,1-Jan-12,,OROMIA,10,JIMMA DISTRICT,ET0010356,50133_REGALEC__OFS_BROWSERTC,58069_REGALEC,29-Dec-18,23:14,,,SHA
ET0010357,Awetu Branch,1-Jan-12,,OROMIA,10,JIMMA DISTRICT,ET0010357,50122_HABBEKU__OFS_BROWSERTC,38678_HABBEKU,18-Dec-18,7:25,,,AWT
